LearnerID,ControlGroup,TextType,Time,nTokens,nTypes,nLemmas,meanWordLength,TTR,Guiraud,LemmaMeanSUBTLEX
D AB D 1,Hks. Portugiesisch,argumentativ,1,23,20,21,4.4347826087,0.86957,4.17029,10007.7839130435
D AB D 1,Hks. Portugiesisch,argumentativ,2,35,28,26,4.3428571429,0.8,4.73286,13745.836
D AB D 1,Hks. Portugiesisch,argumentativ,3,35,28,27,4.5142857143,0.8,4.73286,8489.4262857143
D AB D 1,Hks. Portugiesisch,narrativ,1,35,27,27,4.1142857143,0.77143,4.56383,12282.5677142857
D AB D 1,Hks. Portugiesisch,narrativ,2,27,24,23,4.1481481481,0.88889,4.6188,14577.6140740741
D AB D 1,Hks. Portugiesisch,narrativ,3,37,28,26,4.2432432432,0.75676,4.60317,15761.4767567568
D AB D 2,Hks. Portugiesisch,argumentativ,1,29,18,18,4.8965517241,0.62069,3.34252,12781.1834482759
D AB D 2,Hks. Portugiesisch,argumentativ,2,56,40,39,4.3392857143,0.71429,5.34522,12628.2775
D AB D 2,Hks. Portugiesisch,argumentativ,3,47,37,33,4.6382978723,0.78723,5.397,13599.2525531915
D AB D 2,Hks. Portugiesisch,narrativ,1,39,30,29,4.7179487179,0.76923,4.80384,15848.478974359
D AB D 2,Hks. Portugiesisch,narrativ,2,53,39,38,4.4905660377,0.73585,5.35706,13133.3288679245
D AB D 2,Hks. Portugiesisch,narrativ,3,66,45,42,4.6212121212,0.68182,5.53912,13806.1789393939
D AB D 3,Hks. Portugiesisch,argumentativ,1,24,21,21,4.625,0.875,4.28661,10190.2004166667
D AB D 3,Hks. Portugiesisch,argumentativ,2,42,29,29,4.0476190476,0.69048,4.4748,13998.505952381
D AB D 3,Hks. Portugiesisch,argumentativ,3,35,30,28,4.4,0.85714,5.07093,12150.9894285714
D AB D 3,Hks. Portugiesisch,narrativ,2,67,40,40,4.223880597,0.59701,4.88678,13640.6983333333
D AB D 3,Hks. Portugiesisch,narrativ,3,68,48,46,4.7058823529,0.70588,5.82086,9694.50453125
D AB D 4,Hks. Portugiesisch,argumentativ,1,54,36,34,4.4814814815,0.66667,4.89898,12494.6731481481
D AB D 4,Hks. Portugiesisch,narrativ,1,39,24,24,4.1282051282,0.61538,3.84308,11184.2566666667
D AB D 5,Hks. Portugiesisch,argumentativ,1,22,20,20,4.4545454545,0.90909,4.26401,10761.3554545455
D AB D 5,Hks. Portugiesisch,argumentativ,2,29,25,24,4.3448275862,0.86207,4.64238,11257.3117241379
D AB D 5,Hks. Portugiesisch,argumentativ,3,30,25,25,4.6,0.83333,4.56435,10982.075
D AB D 5,Hks. Portugiesisch,narrativ,1,30,21,21,5,0.7,3.83406,12000.8683333333
D AB D 5,Hks. Portugiesisch,narrativ,2,46,26,24,4.1739130435,0.56522,3.83349,12879.2431111111
D AB D 5,Hks. Portugiesisch,narrativ,3,44,31,28,4.1363636364,0.70455,4.67343,17533.5361363636
D AB D 6,Hks. Portugiesisch,argumentativ,1,27,15,15,4.7037037037,0.55556,2.88675,11755.6096296296
D AB D 6,Hks. Portugiesisch,argumentativ,2,28,20,20,4.4642857143,0.71429,3.77964,12568.0264285714
D AB D 6,Hks. Portugiesisch,narrativ,1,15,13,13,4.5333333333,0.86667,3.35659,16924.796
D AB D 6,Hks. Portugiesisch,narrativ,2,36,23,24,4.0555555556,0.63889,3.83333,19622.3519444444
D AB D 7,Hks. Portugiesisch,argumentativ,1,23,18,17,4.5652173913,0.78261,3.75326,16457.9434782609
D AB D 7,Hks. Portugiesisch,argumentativ,2,22,16,15,4.2727272727,0.72727,3.41121,18900.9868181818
D AB D 7,Hks. Portugiesisch,narrativ,1,21,20,20,5.1428571429,0.95238,4.36436,10005.2157142857
D AB D 7,Hks. Portugiesisch,narrativ,2,37,26,24,4.7837837838,0.7027,4.27437,15639.4652777778
D AB D 8,Hks. Portugiesisch,argumentativ,1,36,29,27,4.4722222222,0.80556,4.83333,14542.6708333333
D AB D 8,Hks. Portugiesisch,argumentativ,2,43,30,29,4.3023255814,0.69767,4.57496,13760.4027906977
D AB D 8,Hks. Portugiesisch,argumentativ,3,60,28,28,4.5166666667,0.46667,3.61478,14318.236
D AB D 8,Hks. Portugiesisch,narrativ,1,19,17,16,4.1578947368,0.89474,3.90007,14128.9763157895
D AB D 8,Hks. Portugiesisch,narrativ,2,39,23,24,4.0512820513,0.58974,3.68295,13716.4253846154
D AB D 8,Hks. Portugiesisch,narrativ,3,40,33,31,4.775,0.825,5.21776,11911.1805
D AC D 1,Hks. Portugiesisch,argumentativ,1,37,23,22,4.1351351351,0.62162,3.78118,13577.3002702703
D AC D 1,Hks. Portugiesisch,argumentativ,2,29,15,15,4,0.51724,2.78543,14870.9879310345
D AC D 1,Hks. Portugiesisch,argumentativ,3,35,22,21,4.1428571429,0.62857,3.71868,10962.7208571429
D AC D 1,Hks. Portugiesisch,narrativ,1,44,32,31,4.8636363636,0.72727,4.82418,11331.9143181818
D AC D 1,Hks. Portugiesisch,narrativ,2,110,66,62,4.6090909091,0.6,6.29285,14548.2923913043
D AC D 1,Hks. Portugiesisch,narrativ,3,75,56,51,4.6933333333,0.74667,6.46632,13315.4616438356
D AC D 2,Hks. Portugiesisch,argumentativ,1,34,23,22,4.1176470588,0.67647,3.94447,12191.3070588235
D AC D 2,Hks. Portugiesisch,argumentativ,2,33,29,28,4.7878787879,0.87879,5.04825,7998.0584848485
D AC D 2,Hks. Portugiesisch,argumentativ,3,58,44,43,4.8793103448,0.75862,5.77748,10958.0072413793
D AC D 2,Hks. Portugiesisch,narrativ,1,26,23,23,4.6153846154,0.88462,4.51067,14408.7842307692
D AC D 2,Hks. Portugiesisch,narrativ,2,68,51,47,4.5147058824,0.75,6.18466,12748.5948529412
D AC D 2,Hks. Portugiesisch,narrativ,3,37,30,30,5.2972972973,0.81081,4.93197,11830.7527027027
D AC D 3,Hks. Portugiesisch,argumentativ,1,22,19,19,4.3181818182,0.86364,4.05081,11239.4768181818
D AC D 3,Hks. Portugiesisch,narrativ,1,22,19,19,4.6363636364,0.86364,4.05081,7159.7009090909
D AC D 4,Hks. Portugiesisch,argumentativ,1,38,28,26,4.5,0.73684,4.5422,14790.9778947368
D AC D 4,Hks. Portugiesisch,argumentativ,2,35,25,25,4.5714285714,0.71429,4.22577,10153.476
D AC D 4,Hks. Portugiesisch,argumentativ,3,62,41,37,4.1612903226,0.66129,5.20701,13660.6062903226
D AC D 4,Hks. Portugiesisch,narrativ,1,84,38,32,4.3571428571,0.45238,4.14614,24932.4636904762
D AC D 4,Hks. Portugiesisch,narrativ,2,68,26,25,4.4411764706,0.38235,3.15296,11167.1264705882
D AC D 4,Hks. Portugiesisch,narrativ,3,42,29,27,4.6428571429,0.69048,4.4748,15357.5658536585
D AC D 5,Hks. Portugiesisch,argumentativ,1,22,15,15,4.0909090909,0.68182,3.19801,14993.7204545455
D AC D 5,Hks. Portugiesisch,narrativ,1,30,22,22,4.6,0.73333,4.01663,14654.6843333333
D AC D 6,Hks. Portugiesisch,narrativ,1,42,24,22,4.2142857143,0.57143,3.70328,17053.0269047619
D AC D 6,Hks. Portugiesisch,narrativ,2,41,29,29,4.9268292683,0.70732,4.52904,15389.5580487805
D AC D 7,Hks. Portugiesisch,argumentativ,1,15,13,13,4.3333333333,0.86667,3.35659,14260.96
D AC D 7,Hks. Portugiesisch,argumentativ,3,16,14,14,5.125,0.875,3.5,15309.264375
D AC D 7,Hks. Portugiesisch,narrativ,1,35,21,20,3.6571428571,0.6,3.54965,12159.8997142857
D AC D 7,Hks. Portugiesisch,narrativ,2,24,15,15,4.7916666667,0.625,3.06186,11528.3104166667
D AC D 7,Hks. Portugiesisch,narrativ,3,21,16,16,4.8571428571,0.7619,3.49149,12040.0304761905
D AC D 8,Hks. Portugiesisch,argumentativ,1,32,23,22,4.34375,0.71875,4.06586,7131.54625
D AC D 8,Hks. Portugiesisch,argumentativ,3,20,18,18,4.8,0.9,4.02492,12268.8185
D AC D 8,Hks. Portugiesisch,narrativ,1,14,13,13,4.4285714286,0.92857,3.4744,12096.8
D AC D 8,Hks. Portugiesisch,narrativ,3,36,28,27,4.1666666667,0.77778,4.66667,10569.3854285714
D AF D 1,Hks. Portugiesisch,argumentativ,1,28,16,15,4.7142857143,0.57143,3.02372,21025.4971428571
D AF D 1,Hks. Portugiesisch,argumentativ,2,26,19,18,4.3461538462,0.73077,3.72621,15867.9142307692
D AF D 1,Hks. Portugiesisch,argumentativ,3,36,25,25,4.2222222222,0.69444,4.16667,12886.0030555556
D AF D 1,Hks. Portugiesisch,narrativ,1,25,22,21,4.2,0.88,4.4,15150.8512
D AF D 1,Hks. Portugiesisch,narrativ,2,17,13,13,4.6470588235,0.76471,3.15296,15549.5411764706
D AF D 1,Hks. Portugiesisch,narrativ,3,13,11,11,5.2307692308,0.84615,3.05085,9872.5108333333
D AF D 2,Hks. Portugiesisch,argumentativ,1,33,27,24,4.2424242424,0.81818,4.7001,11198.9339393939
D AF D 2,Hks. Portugiesisch,argumentativ,2,35,30,29,4.1714285714,0.85714,5.07093,11419.9905714286
D AF D 2,Hks. Portugiesisch,argumentativ,3,35,30,29,4.3714285714,0.85714,5.07093,10469.5014285714
D AF D 2,Hks. Portugiesisch,narrativ,1,21,18,18,5.4285714286,0.85714,3.92792,14298.5626315789
D AF D 2,Hks. Portugiesisch,narrativ,2,44,36,35,5.2272727273,0.81818,5.4272,9024.701
D AF D 2,Hks. Portugiesisch,narrativ,3,22,17,15,4,0.77273,3.62441,15375.920952381
D AG D 1,Hks. Portugiesisch,argumentativ,1,30,26,24,4.5666666667,0.86667,4.74693,15060.2236666667
D AG D 1,Hks. Portugiesisch,narrativ,1,20,18,17,5.6,0.9,4.02492,11530.8588888889
D AG D 2,Hks. Portugiesisch,argumentativ,1,23,18,18,4.4347826087,0.78261,3.75326,9533.5465217391
D AG D 2,Hks. Portugiesisch,argumentativ,2,23,17,16,4.4782608696,0.73913,3.54475,12833.9213043478
D AG D 2,Hks. Portugiesisch,argumentativ,3,24,19,19,4.0416666667,0.79167,3.87836,11868.4375
D AG D 2,Hks. Portugiesisch,narrativ,1,42,26,26,4.5238095238,0.61905,4.01189,11334.6416666667
D AG D 2,Hks. Portugiesisch,narrativ,2,28,20,19,5.0357142857,0.71429,3.77964,13599.0417857143
D AG D 2,Hks. Portugiesisch,narrativ,3,18,15,14,5.9444444444,0.83333,3.53553,8767.3122222222
D E D 10,Hks. Portugiesisch,argumentativ,1,33,24,23,4.4848484848,0.72727,4.17786,14378.95
D E D 10,Hks. Portugiesisch,argumentativ,2,30,21,21,4.3666666667,0.7,3.83406,11300.3836666667
D E D 10,Hks. Portugiesisch,argumentativ,3,39,25,25,4.5128205128,0.64103,4.0032,12957.0802564103
D E D 10,Hks. Portugiesisch,narrativ,1,42,34,34,5,0.80952,5.24631,10239.575
D E D 10,Hks. Portugiesisch,narrativ,2,40,29,28,4.9,0.725,4.5853,12174.6775
D E D 10,Hks. Portugiesisch,narrativ,3,43,35,31,5,0.81395,5.33745,13363.5153488372
D E D 11,Hks. Portugiesisch,argumentativ,1,26,22,21,4.3076923077,0.84615,4.31455,10501.0015384615
D E D 11,Hks. Portugiesisch,argumentativ,2,33,26,25,4.3636363636,0.78788,4.52602,11740.5460606061
D E D 11,Hks. Portugiesisch,narrativ,1,31,23,21,4.5161290323,0.74194,4.13092,13475.0129032258
D E D 11,Hks. Portugiesisch,narrativ,2,30,25,24,5.0666666667,0.83333,4.56435,15829.1910344828
D E D 12,Hks. Portugiesisch,argumentativ,1,34,23,21,4.0882352941,0.67647,3.94447,17926.3635294118
D E D 12,Hks. Portugiesisch,argumentativ,2,26,18,18,4.2692307692,0.69231,3.53009,18044.2146153846
D E D 12,Hks. Portugiesisch,argumentativ,3,49,32,29,3.9591836735,0.65306,4.57143,14121.5142857143
D E D 12,Hks. Portugiesisch,narrativ,1,22,17,16,4.3636363636,0.77273,3.62441,20260.9857142857
D E D 12,Hks. Portugiesisch,narrativ,2,41,29,26,4.0975609756,0.70732,4.52904,17282.5529268293
D E D 12,Hks. Portugiesisch,narrativ,3,34,23,22,4.2058823529,0.67647,3.94447,15810.3414705882
D E D 13,Hks. Portugiesisch,argumentativ,1,31,27,25,4.4516129032,0.87097,4.84934,12787.7241935484
D E D 13,Hks. Portugiesisch,argumentativ,2,22,20,19,4.2272727273,0.90909,4.26401,15697.4690909091
D E D 13,Hks. Portugiesisch,argumentativ,3,64,40,36,3.921875,0.625,5,15035.1721875
D E D 13,Hks. Portugiesisch,narrativ,1,19,17,17,4.6842105263,0.89474,3.90007,13650.1005263158
D E D 13,Hks. Portugiesisch,narrativ,2,21,20,19,4.0952380952,0.95238,4.36436,18528.3376190476
D E D 13,Hks. Portugiesisch,narrativ,3,29,24,23,4.3793103448,0.82759,4.45669,14426.5744827586
D E D 14,Hks. Portugiesisch,argumentativ,1,22,22,21,4.9090909091,1,4.69042,10456.9631818182
D E D 14,Hks. Portugiesisch,argumentativ,2,33,22,20,4.4242424242,0.66667,3.82971,16030.5748484848
D E D 14,Hks. Portugiesisch,argumentativ,3,49,35,31,4.3265306122,0.71429,5,16008.0814285714
D E D 14,Hks. Portugiesisch,narrativ,1,15,14,13,4.3333333333,0.93333,3.61478,15351.202
D E D 14,Hks. Portugiesisch,narrativ,2,16,15,14,4.0625,0.9375,3.75,12501.00125
D E D 14,Hks. Portugiesisch,narrativ,3,16,15,14,4.5625,0.9375,3.75,15331.97375
D E D 15,Hks. Portugiesisch,argumentativ,1,29,22,21,3.9310344828,0.75862,4.0853,14853.2220689655
D E D 15,Hks. Portugiesisch,argumentativ,3,49,37,34,4,0.7551,5.28571,13872.6057142857
D E D 15,Hks. Portugiesisch,narrativ,3,33,27,25,5.0303030303,0.81818,4.7001,14534.2839393939
D E D 16,Hks. Portugiesisch,argumentativ,1,33,23,22,3.9696969697,0.69697,4.00379,11494.8993939394
D E D 16,Hks. Portugiesisch,argumentativ,2,24,22,20,4.1666666667,0.91667,4.49073,15165.2725
D E D 16,Hks. Portugiesisch,argumentativ,3,41,29,28,4.487804878,0.70732,4.52904,11125.9880487805
D E D 16,Hks. Portugiesisch,narrativ,1,26,19,18,5.3461538462,0.73077,3.72621,13289.0923076923
D E D 16,Hks. Portugiesisch,narrativ,2,19,16,16,3.9473684211,0.84211,3.67065,15699.4910526316
D E D 16,Hks. Portugiesisch,narrativ,3,27,24,24,5.8148148148,0.88889,4.6188,7092.5059259259
D E D 18,Hks. Portugiesisch,argumentativ,1,19,10,10,4.2105263158,0.52632,2.29416,12524.0831578947
D E D 18,Hks. Portugiesisch,argumentativ,2,24,17,17,4.25,0.70833,3.47011,15718.7945833333
D E D 18,Hks. Portugiesisch,argumentativ,3,30,18,18,4.2,0.6,3.28634,13774.928
D E D 18,Hks. Portugiesisch,narrativ,1,9,6,6,5.7777777778,0.66667,2,8300.0888888889
D E D 18,Hks. Portugiesisch,narrativ,2,18,13,13,4.8888888889,0.72222,3.06413,19269.2077777778
D E D 18,Hks. Portugiesisch,narrativ,3,12,9,9,5.1666666667,0.75,2.59808,10893.4825
D E D 1,Hks. Portugiesisch,argumentativ,1,30,25,24,4.2,0.83333,4.56435,16101.599
D E D 1,Hks. Portugiesisch,argumentativ,2,34,28,27,4.9411764706,0.82353,4.80196,11005.8394117647
D E D 1,Hks. Portugiesisch,argumentativ,3,56,41,37,4.0714285714,0.73214,5.47886,13530.6371428571
D E D 1,Hks. Portugiesisch,narrativ,1,14,14,14,5.2857142857,1,3.74166,14979.64
D E D 1,Hks. Portugiesisch,narrativ,2,18,13,13,5.3888888889,0.72222,3.06413,13678.1270588235
D E D 1,Hks. Portugiesisch,narrativ,3,35,22,21,4.3428571429,0.62857,3.71868,9031.6257142857
D E D 2,Hks. Portugiesisch,argumentativ,1,14,13,13,4.0714285714,0.92857,3.4744,12928.6221428571
D E D 2,Hks. Portugiesisch,argumentativ,3,29,22,20,4.6551724138,0.75862,4.0853,11164.8275862069
D E D 2,Hks. Portugiesisch,narrativ,1,26,19,19,4.9230769231,0.73077,3.72621,16005.1034615385
D E D 3,Hks. Portugiesisch,argumentativ,1,23,21,21,4.652173913,0.91304,4.3788,13185.8313043478
D E D 3,Hks. Portugiesisch,argumentativ,2,26,19,18,4.3076923077,0.73077,3.72621,11169.105
D E D 3,Hks. Portugiesisch,argumentativ,3,57,40,40,4.649122807,0.70175,5.29813,9529.4854385965
D E D 3,Hks. Portugiesisch,narrativ,2,31,22,19,4.935483871,0.70968,3.95132,15689.3296774194
D E D 3,Hks. Portugiesisch,narrativ,3,27,21,21,4.4074074074,0.77778,4.04145,6817.5562962963
D E D 4,Hks. Portugiesisch,argumentativ,1,35,28,28,4.2571428571,0.8,4.73286,12188.5670588235
D E D 4,Hks. Portugiesisch,argumentativ,2,28,22,21,4.1071428571,0.78571,4.15761,12331.5432142857
D E D 4,Hks. Portugiesisch,argumentativ,3,39,27,27,4.2820512821,0.69231,4.32346,15695.7682051282
D E D 4,Hks. Portugiesisch,narrativ,1,40,28,25,4.375,0.7,4.42719,17165.63375
D E D 4,Hks. Portugiesisch,narrativ,2,27,22,22,4.8888888889,0.81481,4.2339,9644.1548148148
D E D 4,Hks. Portugiesisch,narrativ,3,36,27,27,4.4722222222,0.75,4.5,11218.9102777778
D E D 5,Hks. Portugiesisch,argumentativ,1,17,14,14,3.7058823529,0.82353,3.3955,16796.7058823529
D E D 5,Hks. Portugiesisch,argumentativ,2,36,24,23,4.25,0.66667,4,14951.8994444444
D E D 5,Hks. Portugiesisch,argumentativ,3,41,31,29,4.1951219512,0.7561,4.84139,13898.7056097561
D E D 5,Hks. Portugiesisch,narrativ,1,22,21,21,5.0909090909,0.95455,4.47722,13995.7466666667
D E D 5,Hks. Portugiesisch,narrativ,2,46,35,32,4.4565217391,0.76087,5.16047,15332.4336956522
D E D 5,Hks. Portugiesisch,narrativ,3,29,25,23,4.275862069,0.86207,4.64238,16388.235862069
D E D 6,Hks. Portugiesisch,argumentativ,1,21,17,16,4.9523809524,0.80952,3.7097,11080.4966666667
D E D 6,Hks. Portugiesisch,argumentativ,2,28,25,25,4.7857142857,0.89286,4.72456,8833.0878571429
D E D 6,Hks. Portugiesisch,argumentativ,3,52,46,45,4.5961538462,0.88462,6.37905,7884.6261538462
D E D 6,Hks. Portugiesisch,narrativ,1,20,17,16,4,0.85,3.80132,18264.849
D E D 6,Hks. Portugiesisch,narrativ,2,57,39,37,4.4035087719,0.68421,5.16568,16324.8143859649
D E D 6,Hks. Portugiesisch,narrativ,3,92,69,67,4.6630434783,0.75,7.19375,11833.9916304348
D E D 7,Hks. Portugiesisch,argumentativ,1,26,20,20,4.5384615385,0.76923,3.92232,14141.7373076923
D E D 7,Hks. Portugiesisch,argumentativ,2,22,14,15,3.8636363636,0.63636,2.98481,17772.0609090909
D E D 7,Hks. Portugiesisch,argumentativ,3,37,27,25,4.7837837838,0.72973,4.43877,11698.2010810811
D E D 7,Hks. Portugiesisch,narrativ,1,22,18,17,4.2727272727,0.81818,3.83761,18608.7540909091
D E D 7,Hks. Portugiesisch,narrativ,2,19,13,13,4.2105263158,0.68421,2.9824,15719.9078947368
D E D 7,Hks. Portugiesisch,narrativ,3,13,13,12,4.8461538462,1,3.60555,17720.9161538462
D E D 8,Hks. Portugiesisch,argumentativ,1,28,21,20,4.1428571429,0.75,3.96863,14034.4946428571
D E D 8,Hks. Portugiesisch,argumentativ,2,45,32,31,4.6444444444,0.71111,4.77028,15029.6733333333
D E D 8,Hks. Portugiesisch,argumentativ,3,50,43,43,4.6,0.86,6.08112,8206.8472
D E D 8,Hks. Portugiesisch,narrativ,1,23,20,20,5,0.86957,4.17029,14963.3559090909
D E D 8,Hks. Portugiesisch,narrativ,2,60,46,45,4.4166666667,0.76667,5.93857,11036.6452542373
D E D 8,Hks. Portugiesisch,narrativ,3,48,39,37,5.0208333333,0.8125,5.62917,13073.9140425532
D E D 9,Hks. Portugiesisch,argumentativ,1,22,18,18,4.8181818182,0.81818,3.83761,8302.5904545455
D E D 9,Hks. Portugiesisch,argumentativ,2,37,25,24,4.2162162162,0.67568,4.10997,14537.2648648649
D E D 9,Hks. Portugiesisch,argumentativ,3,48,36,35,4.4791666667,0.75,5.19615,13352.0352083333
D E D 9,Hks. Portugiesisch,narrativ,1,25,22,21,3.96,0.88,4.4,17779.5004
D E D 9,Hks. Portugiesisch,narrativ,2,30,27,26,4.7333333333,0.9,4.9295,16555.6046666667
D E D 9,Hks. Portugiesisch,narrativ,3,58,36,34,4.7931034483,0.62069,4.72703,16994.9066071429
D F D 1,Hks. Portugiesisch,argumentativ,1,31,21,21,4.6774193548,0.67742,3.77171,8470.2709677419
D F D 1,Hks. Portugiesisch,argumentativ,2,22,15,16,4.2272727273,0.68182,3.19801,9448.74
D F D 1,Hks. Portugiesisch,argumentativ,3,35,29,28,4.4571428571,0.82857,4.90189,10727.4868571429
D F D 1,Hks. Portugiesisch,narrativ,2,15,15,15,5.2,1,3.87298,11778.8966666667
D F D 3,Hks. Portugiesisch,argumentativ,1,17,16,16,4.5294117647,0.94118,3.88057,15550.8635294118
D F D 3,Hks. Portugiesisch,argumentativ,2,20,17,17,4.45,0.85,3.80132,14067.2705
D F D 3,Hks. Portugiesisch,argumentativ,3,90,52,50,4.3777777778,0.57778,5.48128,11031.5133333333
D F D 3,Hks. Portugiesisch,narrativ,2,15,12,12,4.8,0.8,3.09839,14904.3833333333
D F D 3,Hks. Portugiesisch,narrativ,3,45,31,29,4.6222222222,0.68889,4.62121,13014.672
D F D 4,Hks. Portugiesisch,argumentativ,1,13,12,12,4.2307692308,0.92308,3.3282,12193.69
D F D 4,Hks. Portugiesisch,argumentativ,2,17,13,13,3.7058823529,0.76471,3.15296,14117.1852941176
D F D 4,Hks. Portugiesisch,argumentativ,3,19,16,16,4.5789473684,0.84211,3.67065,12329.2657894737
D F D 4,Hks. Portugiesisch,narrativ,1,17,14,14,4.2941176471,0.82353,3.3955,16975.6094117647
D F D 4,Hks. Portugiesisch,narrativ,2,14,13,13,4.5,0.92857,3.4744,17067.6342857143
D F D 4,Hks. Portugiesisch,narrativ,3,20,17,17,4.45,0.85,3.80132,14305.947
D F D 5,Hks. Portugiesisch,argumentativ,1,27,20,20,4.2592592593,0.74074,3.849,12100.8477777778
D F D 5,Hks. Portugiesisch,argumentativ,2,18,16,16,4.6111111111,0.88889,3.77124,12787.1866666667
D F D 5,Hks. Portugiesisch,argumentativ,3,38,23,22,4.2368421053,0.60526,3.73109,12837.4784210526
D F D 5,Hks. Portugiesisch,narrativ,2,21,19,19,4.5238095238,0.90476,4.14614,18009.237
D F D 6,Hks. Portugiesisch,argumentativ,1,25,16,16,4.52,0.64,3.2,11281.6464
D F D 6,Hks. Portugiesisch,argumentativ,2,34,19,18,4.5588235294,0.55882,3.25847,15602.4279411765
D F D 6,Hks. Portugiesisch,argumentativ,3,35,22,22,4.3714285714,0.62857,3.71868,14555.2351428571
D F D 6,Hks. Portugiesisch,narrativ,2,19,15,15,4.4736842105,0.78947,3.44124,19500.3633333333
D F D 7,Hks. Portugiesisch,argumentativ,1,25,17,16,4.36,0.68,3.4,17862.2528
D F D 7,Hks. Portugiesisch,argumentativ,2,24,20,20,4.5833333333,0.83333,4.08248,13084.9820833333
D F D 7,Hks. Portugiesisch,argumentativ,3,31,23,23,4.3870967742,0.74194,4.13092,13153.2338709677
D F D 7,Hks. Portugiesisch,narrativ,2,20,17,16,4.75,0.85,3.80132,14856.447
D F D 7,Hks. Portugiesisch,narrativ,3,14,12,11,4.9285714286,0.85714,3.20713,14412.3484615385
D F D 8,Hks. Portugiesisch,argumentativ,1,26,21,20,4.4230769231,0.80769,4.11844,14204.7257692308
D F D 8,Hks. Portugiesisch,argumentativ,2,14,14,14,4.6428571429,1,3.74166,9210.0828571429
D F D 8,Hks. Portugiesisch,argumentativ,3,66,42,41,4.1363636364,0.63636,5.16984,15618.2606060606
D F D 8,Hks. Portugiesisch,narrativ,1,113,48,45,4.5309734513,0.42478,4.51546,12345.9398230088
D F D 8,Hks. Portugiesisch,narrativ,2,226,101,93,4.6283185841,0.4469,6.71842,10591.7525
D F D 8,Hks. Portugiesisch,narrativ,3,27,23,23,4.8888888889,0.85185,4.42635,8552.5344444445
D F D 9,Hks. Portugiesisch,argumentativ,3,27,21,21,4.5185185185,0.77778,4.04145,10367.5381481481
D F D 9,Hks. Portugiesisch,narrativ,2,14,10,10,4.7857142857,0.71429,2.67261,14172.8564285714
D F D 9,Hks. Portugiesisch,narrativ,3,17,16,16,4.8823529412,0.94118,3.88057,14280.5694117647
D H D 10,Hks. Portugiesisch,argumentativ,1,12,10,10,4.8333333333,0.83333,2.88675,4730.3375
D H D 10,Hks. Portugiesisch,argumentativ,2,16,13,12,4,0.8125,3.25,17795.143125
D H D 12,Hks. Portugiesisch,argumentativ,1,22,16,16,4.2727272727,0.72727,3.41121,15919.3518181818
D H D 12,Hks. Portugiesisch,argumentativ,2,119,54,51,4.3445378151,0.45378,4.95017,14283.3945378151
D H D 12,Hks. Portugiesisch,argumentativ,3,134,74,70,4.276119403,0.55224,6.39263,15021.8211278195
D H D 12,Hks. Portugiesisch,narrativ,1,23,18,17,4.2608695652,0.78261,3.75326,13800.3669565217
D H D 12,Hks. Portugiesisch,narrativ,2,81,54,48,4.5308641975,0.66667,6,13825.8674074074
D H D 12,Hks. Portugiesisch,narrativ,3,204,119,112,4.5637254902,0.58333,8.33167,11770.1054950495
D H D 1,Hks. Portugiesisch,argumentativ,1,17,14,14,4,0.82353,3.3955,13326.2976470588
D H D 1,Hks. Portugiesisch,narrativ,1,17,13,13,3.8235294118,0.76471,3.15296,22290.5594117647
D H D 2,Hks. Portugiesisch,argumentativ,1,25,19,19,3.72,0.76,3.8,14195.7344
D H D 2,Hks. Portugiesisch,argumentativ,2,27,21,20,4.4444444444,0.77778,4.04145,18117.6225925926
D H D 2,Hks. Portugiesisch,argumentativ,3,26,22,22,4.5384615385,0.84615,4.31455,12522.6896
D H D 2,Hks. Portugiesisch,narrativ,1,22,16,16,4.7272727273,0.72727,3.41121,14345.2633333333
D H D 2,Hks. Portugiesisch,narrativ,2,79,54,51,4.5063291139,0.68354,6.07547,12635.4959493671
D H D 2,Hks. Portugiesisch,narrativ,3,19,17,17,5.1052631579,0.89474,3.90007,16162.2105263158
D H D 3,Hks. Portugiesisch,argumentativ,1,14,10,10,4.4285714286,0.71429,2.67261,17267.7178571429
D H D 3,Hks. Portugiesisch,narrativ,1,32,23,23,4.5,0.71875,4.06586,9781.814375
D H D 4,Hks. Portugiesisch,argumentativ,1,13,13,13,4.4615384615,1,3.60555,7846.7669230769
D H D 4,Hks. Portugiesisch,argumentativ,2,40,28,29,4.625,0.7,4.42719,9064.784
D H D 4,Hks. Portugiesisch,narrativ,1,15,11,11,4.8,0.73333,2.84019,11502.7733333333
D H D 4,Hks. Portugiesisch,narrativ,2,27,17,17,4.2592592593,0.62963,3.27165,13869.8522222222
D H D 5,Hks. Portugiesisch,argumentativ,1,13,10,10,4.1538461538,0.76923,2.7735,15434.8446153846
D H D 5,Hks. Portugiesisch,narrativ,1,17,14,13,4.9411764706,0.82353,3.3955,13376.7564705882
D H D 6,Hks. Portugiesisch,argumentativ,1,24,20,19,4.9583333333,0.83333,4.08248,13983.6895833333
D H D 6,Hks. Portugiesisch,argumentativ,2,50,39,37,4.34,0.78,5.51543,12464.94
D H D 6,Hks. Portugiesisch,narrativ,2,43,33,31,4.7674418605,0.76744,5.03245,16291.1448780488
D H D 7,Hks. Portugiesisch,argumentativ,1,23,20,19,4.2608695652,0.86957,4.17029,15153.9734782609
D H D 7,Hks. Portugiesisch,argumentativ,3,19,17,17,4.5789473684,0.89474,3.90007,10605.1878947368
D H D 7,Hks. Portugiesisch,narrativ,1,13,12,12,4,0.92308,3.3282,15284.4584615385
D H D 7,Hks. Portugiesisch,narrativ,3,95,63,60,4.3578947368,0.66316,6.46366,11408.654
D H D 9,Hks. Portugiesisch,argumentativ,2,121,53,51,4.2892561983,0.43802,4.81818,11263.112892562
D H D 9,Hks. Portugiesisch,argumentativ,3,69,31,29,4.6231884058,0.44928,3.73196,15094.8085507246
D H D 9,Hks. Portugiesisch,narrativ,2,107,65,60,4.8037383178,0.60748,6.28379,15902.4833333333
D H D 9,Hks. Portugiesisch,narrativ,3,152,85,80,4.6578947368,0.55921,6.89441,10423.8186
D I D 1,Hks. Portugiesisch,argumentativ,1,19,18,17,4.4210526316,0.94737,4.12948,14352.7536842105
D I D 1,Hks. Portugiesisch,argumentativ,2,36,20,19,4,0.55556,3.33333,15474.7730555556
D I D 1,Hks. Portugiesisch,narrativ,1,17,13,13,5.0588235294,0.76471,3.15296,11668.5088235294
D I D 1,Hks. Portugiesisch,narrativ,2,27,19,19,4.4444444444,0.7037,3.65655,9963.9918518519
D I D 2,Hks. Portugiesisch,argumentativ,1,35,23,23,3.9142857143,0.65714,3.88771,11591.9225714286
D I D 2,Hks. Portugiesisch,argumentativ,2,23,18,17,4.652173913,0.78261,3.75326,14363.4969565217
D I D 2,Hks. Portugiesisch,narrativ,1,17,16,16,4.7647058824,0.94118,3.88057,16324.11
D I D 2,Hks. Portugiesisch,narrativ,2,16,13,13,4.9375,0.8125,3.25,13019.776875
D I D 3,Hks. Portugiesisch,argumentativ,1,26,22,21,4.3461538462,0.84615,4.31455,12878.2576923077
D I D 3,Hks. Portugiesisch,argumentativ,2,27,22,22,4.4814814815,0.81481,4.2339,10888.9985185185
D I D 3,Hks. Portugiesisch,argumentativ,3,22,18,17,4.4545454545,0.81818,3.83761,12640.4368181818
D I D 3,Hks. Portugiesisch,narrativ,1,18,14,14,5.8888888889,0.77778,3.29983,17036.6233333333
D I D 3,Hks. Portugiesisch,narrativ,2,31,28,27,4.6129032258,0.90323,5.02895,8957.0219354839
D I D 3,Hks. Portugiesisch,narrativ,3,33,28,26,4.6363636364,0.84848,4.87417,11368.1351515152
D I D 4,Hks. Portugiesisch,argumentativ,1,30,19,19,4.1666666667,0.63333,3.46891,13302.985
D I D 4,Hks. Portugiesisch,argumentativ,2,33,26,25,4.4545454545,0.78788,4.52602,12796.4663636364
D I D 4,Hks. Portugiesisch,argumentativ,3,19,14,14,4.2105263158,0.73684,3.21182,10828.3826315789
D I D 4,Hks. Portugiesisch,narrativ,1,37,28,28,4.6486486486,0.75676,4.60317,13424.817027027
D I D 4,Hks. Portugiesisch,narrativ,2,28,22,19,4.6071428571,0.78571,4.15761,18127.9514285714
D I D 4,Hks. Portugiesisch,narrativ,3,40,30,30,5.225,0.75,4.74342,7249.6928947368
D J D 1,Hks. Portugiesisch,argumentativ,1,26,19,18,4.4230769231,0.73077,3.72621,14830.6111538462
D J D 1,Hks. Portugiesisch,argumentativ,2,18,16,16,4.5555555556,0.88889,3.77124,14479.3205555556
D J D 1,Hks. Portugiesisch,narrativ,1,46,27,26,4.9347826087,0.58696,3.98093,11723.4993478261
D J D 3,Hks. Portugiesisch,argumentativ,2,55,36,35,4.1636363636,0.65455,4.85424,15460.3416363636
D J D 3,Hks. Portugiesisch,narrativ,2,77,43,40,4.6363636364,0.55844,4.9003,11231.7158441558
D J D 4,Hks. Portugiesisch,argumentativ,1,32,25,24,4.09375,0.78125,4.41942,12256.2403225806
D J D 4,Hks. Portugiesisch,argumentativ,2,45,32,32,4.4,0.71111,4.77028,12411.2155555556
D J D 4,Hks. Portugiesisch,argumentativ,3,44,32,29,4.4318181818,0.72727,4.82418,13212.8720454545
D J D 4,Hks. Portugiesisch,narrativ,1,38,32,30,4.9473684211,0.84211,5.19109,15843.2157894737
D J D 4,Hks. Portugiesisch,narrativ,2,31,23,22,4.9677419355,0.74194,4.13092,13132.6829032258
D J D 4,Hks. Portugiesisch,narrativ,3,94,62,60,4.5957446809,0.65957,6.39481,10405.8370212766
D J D 5,Hks. Portugiesisch,argumentativ,1,40,35,33,4.575,0.875,5.53399,11988.17
D J D 5,Hks. Portugiesisch,argumentativ,2,31,22,22,3.7419354839,0.70968,3.95132,9208.3064516129
D J D 5,Hks. Portugiesisch,argumentativ,3,28,23,22,4.5357142857,0.82143,4.34659,11440.6539285714
D J D 5,Hks. Portugiesisch,narrativ,1,33,29,26,4.6363636364,0.87879,5.04825,16445.8863636364
D J D 5,Hks. Portugiesisch,narrativ,2,37,28,26,4.6216216216,0.75676,4.60317,18518.0233333333
D J D 5,Hks. Portugiesisch,narrativ,3,45,34,34,4.8222222222,0.75556,5.06842,9907.7520454545
D J D 6,Hks. Portugiesisch,argumentativ,2,19,14,14,4.1578947368,0.73684,3.21182,17304.2668421053
D J D 6,Hks. Portugiesisch,argumentativ,3,15,12,12,4.6666666667,0.8,3.09839,15382.9966666667
D J D 6,Hks. Portugiesisch,narrativ,2,36,27,24,4.2777777778,0.75,4.5,17927.3241666667
D J D 6,Hks. Portugiesisch,narrativ,3,54,42,40,4.7592592593,0.77778,5.71548,9208.8707407407
D J D 7,Hks. Portugiesisch,argumentativ,2,33,27,24,4.6363636364,0.81818,4.7001,15367.2233333333
D J D 7,Hks. Portugiesisch,narrativ,2,90,57,54,4.9111111111,0.63333,6.00833,14327.0346067416
D J D 8,Hks. Portugiesisch,argumentativ,1,36,30,29,4.4166666667,0.83333,5,12053.2930555556
D J D 8,Hks. Portugiesisch,argumentativ,2,27,19,19,5.0740740741,0.7037,3.65655,10680.3285185185
D J D 8,Hks. Portugiesisch,argumentativ,3,37,31,29,5.0540540541,0.83784,5.09637,10967.9967567568
D J D 8,Hks. Portugiesisch,narrativ,1,46,33,33,4.6739130435,0.71739,4.86558,11778.422826087
D J D 8,Hks. Portugiesisch,narrativ,2,44,33,32,4.5681818182,0.75,4.97494,14346.4577272727
D J D 8,Hks. Portugiesisch,narrativ,3,22,20,20,4.1363636364,0.90909,4.26401,10769.55
D L D 10,Hks. Portugiesisch,argumentativ,1,13,9,9,5.0769230769,0.69231,2.49615,9482.7323076923
D L D 10,Hks. Portugiesisch,argumentativ,2,37,23,23,4.7027027027,0.62162,3.78118,14391.1278378378
D L D 10,Hks. Portugiesisch,narrativ,2,71,33,32,4.4929577465,0.46479,3.91638,15561.0481690141
D L D 11,Hks. Portugiesisch,argumentativ,2,13,10,10,4.4615384615,0.76923,2.7735,11081.4676923077
D L D 11,Hks. Portugiesisch,narrativ,2,75,28,24,4.2933333333,0.37333,3.23316,19519.7109333333
D L D 12,Hks. Portugiesisch,argumentativ,1,20,16,16,4.8,0.8,3.57771,15380.0465
D L D 12,Hks. Portugiesisch,argumentativ,2,37,29,28,4.0810810811,0.78378,4.76757,14305.517027027
D L D 12,Hks. Portugiesisch,argumentativ,3,30,26,25,4.8333333333,0.86667,4.74693,10475.023
D L D 12,Hks. Portugiesisch,narrativ,1,36,31,30,4.5,0.86111,5.16667,9226.645
D L D 12,Hks. Portugiesisch,narrativ,2,54,40,36,4.7037037037,0.74074,5.44331,13930.1922222222
D L D 12,Hks. Portugiesisch,narrativ,3,115,78,72,4.5217391304,0.67826,7.27354,13311.0133333333
D L D 13,Hks. Portugiesisch,argumentativ,1,21,17,17,3.8571428571,0.80952,3.7097,19733.8142857143
D L D 13,Hks. Portugiesisch,argumentativ,2,32,17,17,4.125,0.53125,3.0052,14435.1184375
D L D 13,Hks. Portugiesisch,argumentativ,3,34,20,19,4.4117647059,0.58824,3.42997,17212.6073529412
D L D 13,Hks. Portugiesisch,narrativ,1,33,21,20,4.7272727273,0.63636,3.65563,16782.7724242424
D L D 13,Hks. Portugiesisch,narrativ,2,45,27,24,4.6888888889,0.6,4.02492,21075.0122222222
D L D 13,Hks. Portugiesisch,narrativ,3,40,27,25,4.275,0.675,4.26907,14287.9915
D L D 14,Hks. Portugiesisch,argumentativ,1,26,18,17,4.1153846154,0.69231,3.53009,18292.1484615385
D L D 14,Hks. Portugiesisch,argumentativ,2,23,16,15,4.0434782609,0.69565,3.33623,16999.7291304348
D L D 14,Hks. Portugiesisch,argumentativ,3,45,28,28,4.1555555556,0.62222,4.17399,13460.5082222222
D L D 14,Hks. Portugiesisch,narrativ,1,40,33,28,4.7,0.825,5.21776,18791.24925
D L D 14,Hks. Portugiesisch,narrativ,3,24,19,19,4.4583333333,0.79167,3.87836,16213.68875
D L D 15,Hks. Portugiesisch,argumentativ,1,21,16,16,4.380952381,0.7619,3.49149,11571.3685714286
D L D 15,Hks. Portugiesisch,argumentativ,2,21,16,16,3.8571428571,0.7619,3.49149,13871.5871428571
D L D 15,Hks. Portugiesisch,narrativ,1,26,18,17,4.3461538462,0.69231,3.53009,13232.9273076923
D L D 15,Hks. Portugiesisch,narrativ,2,40,29,27,4.075,0.725,4.5853,15125.74875
D L D 16,Hks. Portugiesisch,argumentativ,1,41,26,26,4.487804878,0.63415,4.06052,7769.0297560976
D L D 16,Hks. Portugiesisch,argumentativ,2,39,31,29,4.4102564103,0.79487,4.96397,12750.3484615385
D L D 16,Hks. Portugiesisch,argumentativ,3,45,35,33,4.3555555556,0.77778,5.21749,11804.6711111111
D L D 16,Hks. Portugiesisch,narrativ,1,38,28,28,4.1052631579,0.73684,4.5422,13090.8647368421
D L D 16,Hks. Portugiesisch,narrativ,3,86,55,53,5.011627907,0.63953,5.9308,9807.9187951807
D L D 17,Hks. Portugiesisch,argumentativ,1,26,18,18,4.1538461538,0.69231,3.53009,14429.7696153846
D L D 17,Hks. Portugiesisch,argumentativ,2,49,36,35,4.1224489796,0.73469,5.14286,14911.5897959184
D L D 17,Hks. Portugiesisch,argumentativ,3,31,28,26,4.4838709677,0.90323,5.02895,15036.174516129
D L D 17,Hks. Portugiesisch,narrativ,1,19,14,14,4.4210526316,0.73684,3.21182,15994.3305263158
D L D 17,Hks. Portugiesisch,narrativ,2,17,13,13,4.2941176471,0.76471,3.15296,13541.9370588235
D L D 17,Hks. Portugiesisch,narrativ,3,43,35,34,4.8837209302,0.81395,5.33745,8287.833255814
D L D 18,Hks. Portugiesisch,argumentativ,1,26,21,19,4.2692307692,0.80769,4.11844,13730.9023076923
D L D 18,Hks. Portugiesisch,argumentativ,2,80,52,46,4.075,0.65,5.81378,15839.971125
D L D 18,Hks. Portugiesisch,argumentativ,3,44,32,31,4.1818181818,0.72727,4.82418,12922.5509090909
D L D 18,Hks. Portugiesisch,narrativ,1,26,19,19,4.3846153846,0.73077,3.72621,17473.3611538462
D L D 18,Hks. Portugiesisch,narrativ,2,79,42,41,5.0759493671,0.53165,4.72537,15041.7351948052
D L D 18,Hks. Portugiesisch,narrativ,3,24,17,17,4.125,0.70833,3.47011,19113.5766666667
D L D 19,Hks. Portugiesisch,argumentativ,3,42,23,23,3.9761904762,0.54762,3.54898,17919.7661904762
D L D 19,Hks. Portugiesisch,narrativ,3,37,26,24,4.4594594595,0.7027,4.27437,19253.7281081081
D L D 1,Hks. Portugiesisch,argumentativ,2,43,25,25,4.2093023256,0.5814,3.81246,13230.1904651163
D L D 1,Hks. Portugiesisch,argumentativ,3,21,18,17,4.5238095238,0.85714,3.92792,13828.540952381
D L D 1,Hks. Portugiesisch,narrativ,2,28,23,22,5.7857142857,0.82143,4.34659,14091.3062962963
D L D 1,Hks. Portugiesisch,narrativ,3,20,17,17,4.55,0.85,3.80132,13419.479
D L D 2,Hks. Portugiesisch,argumentativ,1,16,13,13,4.0625,0.8125,3.25,16936.72
D L D 2,Hks. Portugiesisch,argumentativ,2,43,23,21,4.4418604651,0.53488,3.50747,16650.8720930233
D L D 2,Hks. Portugiesisch,argumentativ,3,15,15,14,4.6,1,3.87298,15126.916
D L D 2,Hks. Portugiesisch,narrativ,1,13,12,12,4.7692307692,0.92308,3.3282,16222.7923076923
D L D 2,Hks. Portugiesisch,narrativ,2,56,28,27,4.4642857143,0.5,3.74166,16693.7505357143
D L D 2,Hks. Portugiesisch,narrativ,3,28,18,17,4.1071428571,0.64286,3.40168,14341.6607142857
D L D 3,Hks. Portugiesisch,argumentativ,1,29,21,19,4.0689655172,0.72414,3.8996,15523.5620689655
D L D 3,Hks. Portugiesisch,argumentativ,2,45,36,33,4.2222222222,0.8,5.36656,11600.2564444444
D L D 3,Hks. Portugiesisch,argumentativ,3,31,17,17,4.7096774194,0.54839,3.05329,13148.1512903226
D L D 3,Hks. Portugiesisch,narrativ,1,43,24,24,4.8139534884,0.55814,3.65997,11218.9906976744
D L D 3,Hks. Portugiesisch,narrativ,2,59,33,32,4.6271186441,0.55932,4.29623,12453.4323728814
D L D 3,Hks. Portugiesisch,narrativ,3,91,56,53,4.6263736264,0.61538,5.8704,12772.2497802198
D L D 4,Hks. Portugiesisch,argumentativ,2,27,23,21,4.3703703704,0.85185,4.42635,17275.327037037
D L D 4,Hks. Portugiesisch,argumentativ,3,51,33,31,3.9215686275,0.64706,4.62092,13152.3231372549
D L D 4,Hks. Portugiesisch,narrativ,2,17,13,13,4.4705882353,0.76471,3.15296,9023.7588235294
D L D 4,Hks. Portugiesisch,narrativ,3,38,30,30,5.3684210526,0.78947,4.86664,11123.3060526316
D L D 5,Hks. Portugiesisch,argumentativ,1,20,17,17,4.5,0.85,3.80132,13078.883
D L D 5,Hks. Portugiesisch,argumentativ,2,31,24,24,4.4516129032,0.77419,4.31053,12594.9448387097
D L D 5,Hks. Portugiesisch,argumentativ,3,44,38,36,4.5227272727,0.86364,5.72872,14609.8602272727
D L D 5,Hks. Portugiesisch,narrativ,1,14,11,11,4.6428571429,0.78571,2.93987,16077.4607142857
D L D 5,Hks. Portugiesisch,narrativ,2,59,35,33,4.593220339,0.59322,4.55661,11924.9415254237
D L D 5,Hks. Portugiesisch,narrativ,3,57,41,37,4.7192982456,0.7193,5.43058,16826.0012280702
D L D 6,Hks. Portugiesisch,argumentativ,1,28,19,18,4.1428571429,0.67857,3.59066,16379.0732142857
D L D 6,Hks. Portugiesisch,argumentativ,2,27,21,21,4.4444444444,0.77778,4.04145,13832.1740740741
D L D 6,Hks. Portugiesisch,argumentativ,3,48,30,28,4.2083333333,0.625,4.33013,15684.4108333333
D L D 6,Hks. Portugiesisch,narrativ,1,24,18,18,5.7083333333,0.75,3.67423,14196.5513636364
D L D 6,Hks. Portugiesisch,narrativ,2,65,44,43,4.9538461538,0.67692,5.45753,11633.6555555556
D L D 6,Hks. Portugiesisch,narrativ,3,57,41,39,5.1929824561,0.7193,5.43058,14315.7033928571
D L D 7,Hks. Portugiesisch,argumentativ,2,22,19,19,4.6363636364,0.86364,4.05081,9442.9690909091
D L D 7,Hks. Portugiesisch,narrativ,1,15,14,14,5.7333333333,0.93333,3.61478,10769.0571428571
D L D 7,Hks. Portugiesisch,narrativ,2,32,24,23,4.78125,0.75,4.24264,12152.706875
D L D 8,Hks. Portugiesisch,argumentativ,1,19,18,18,4.5263157895,0.94737,4.12948,12346.5978947368
D L D 8,Hks. Portugiesisch,argumentativ,2,23,17,17,4.5652173913,0.73913,3.54475,14081.2252173913
D L D 8,Hks. Portugiesisch,argumentativ,3,26,20,20,4.2692307692,0.76923,3.92232,12698.2630769231
D L D 8,Hks. Portugiesisch,narrativ,1,20,19,19,4.8,0.95,4.24853,13731.4105
D L D 8,Hks. Portugiesisch,narrativ,2,66,46,43,4.5757575758,0.69697,5.66221,13918.5583333333
D L D 8,Hks. Portugiesisch,narrativ,3,53,34,32,4.7735849057,0.64151,4.67026,12687.6311764706
D L D 9,Hks. Portugiesisch,argumentativ,1,13,8,8,4.1538461538,0.61538,2.2188,15375.5538461538
D L D 9,Hks. Portugiesisch,argumentativ,2,33,23,23,4.5454545455,0.69697,4.00379,16128.3275757576
D L D 9,Hks. Portugiesisch,argumentativ,3,25,22,21,4.56,0.88,4.4,15664.4104
D L D 9,Hks. Portugiesisch,narrativ,2,30,22,21,4.0333333333,0.73333,4.01663,14804.9273333333
D L D 9,Hks. Portugiesisch,narrativ,3,34,24,22,4.8823529412,0.70588,4.11597,15333.1461764706
D M D 10,Hks. Portugiesisch,argumentativ,3,27,24,24,4.6296296296,0.88889,4.6188,9047.24
D M D 10,Hks. Portugiesisch,narrativ,1,15,12,12,4.7333333333,0.8,3.09839,14789.8526666667
D M D 10,Hks. Portugiesisch,narrativ,3,16,16,15,4.6875,1,4,10005.330625
D M D 11,Hks. Portugiesisch,argumentativ,1,21,19,19,4.619047619,0.90476,4.14614,10178.5228571429
D M D 11,Hks. Portugiesisch,argumentativ,2,28,21,21,4.4285714286,0.75,3.96863,11923.1467857143
D M D 11,Hks. Portugiesisch,argumentativ,3,39,22,22,4.0512820513,0.5641,3.52282,15962.3841025641
D M D 11,Hks. Portugiesisch,narrativ,1,34,23,22,4.2352941176,0.67647,3.94447,11468.4714705882
D M D 11,Hks. Portugiesisch,narrativ,2,33,22,22,4.4242424242,0.66667,3.82971,18339.492173913
D M D 11,Hks. Portugiesisch,narrativ,3,31,25,25,4.3548387097,0.80645,4.49013,12686.6283870968
D M D 12,Hks. Portugiesisch,argumentativ,1,26,22,22,4.2692307692,0.84615,4.31455,11532.3119230769
D M D 12,Hks. Portugiesisch,argumentativ,3,50,35,35,4.56,0.7,4.94975,8616.0998
D M D 12,Hks. Portugiesisch,narrativ,1,35,32,30,4.3428571429,0.91429,5.40899,12158.7282857143
D M D 12,Hks. Portugiesisch,narrativ,3,32,25,24,5.125,0.78125,4.41942,11556.9558064516
D M D 13,Hks. Portugiesisch,argumentativ,1,24,18,17,4.125,0.75,3.67423,16521.3770833333
D M D 13,Hks. Portugiesisch,argumentativ,2,34,27,26,4.5294117647,0.79412,4.63046,12972.8423529412
D M D 13,Hks. Portugiesisch,narrativ,2,12,8,8,4.75,0.66667,2.3094,16728.985
D M D 14,Hks. Portugiesisch,argumentativ,2,24,15,15,4.625,0.625,3.06186,14109.98125
D M D 14,Hks. Portugiesisch,argumentativ,3,48,27,25,4.1458333333,0.5625,3.89711,13931.544375
D M D 14,Hks. Portugiesisch,narrativ,1,21,16,16,4.619047619,0.7619,3.49149,23216.4485714286
D M D 14,Hks. Portugiesisch,narrativ,2,22,18,18,4.1363636364,0.81818,3.83761,13391.3236363636
D M D 14,Hks. Portugiesisch,narrativ,3,61,42,39,5.0163934426,0.68852,5.37755,15230.1924590164
D M D 16,Hks. Portugiesisch,argumentativ,2,27,19,18,4.1851851852,0.7037,3.65655,15849.2618518519
D M D 16,Hks. Portugiesisch,narrativ,2,20,15,15,4.35,0.75,3.3541,17399.7915
D M D 1,Hks. Portugiesisch,argumentativ,1,38,27,27,4.0789473684,0.71053,4.37998,12846.5723684211
D M D 1,Hks. Portugiesisch,argumentativ,2,51,36,35,4.6666666667,0.70588,5.04101,13180.2258823529
D M D 1,Hks. Portugiesisch,argumentativ,3,37,28,26,4.2972972973,0.75676,4.60317,16888.7821621622
D M D 1,Hks. Portugiesisch,narrativ,1,50,30,28,4.64,0.6,4.24264,14249.5108163265
D M D 1,Hks. Portugiesisch,narrativ,2,14,13,13,5.0714285714,0.92857,3.4744,9954.0692857143
D M D 1,Hks. Portugiesisch,narrativ,3,34,22,21,4.1176470588,0.64706,3.77297,13073.1532352941
D M D 2,Hks. Portugiesisch,argumentativ,1,17,16,16,4.4117647059,0.94118,3.88057,12147.8470588235
D M D 2,Hks. Portugiesisch,argumentativ,2,26,21,21,4.1923076923,0.80769,4.11844,13036.8992307692
D M D 2,Hks. Portugiesisch,argumentativ,3,17,14,14,5,0.82353,3.3955,10872.6282352941
D M D 2,Hks. Portugiesisch,narrativ,3,16,15,15,4.875,0.9375,3.75,13946.66875
D M D 3,Hks. Portugiesisch,argumentativ,1,42,28,26,4.5238095238,0.66667,4.32049,16398.76
D M D 3,Hks. Portugiesisch,argumentativ,2,47,29,26,4.4255319149,0.61702,4.23008,15045.9910638298
D M D 3,Hks. Portugiesisch,argumentativ,3,42,26,25,4.2380952381,0.61905,4.01189,16981.5352380952
D M D 3,Hks. Portugiesisch,narrativ,1,51,21,21,5.431372549,0.41176,2.94059,11147.5766666667
D M D 3,Hks. Portugiesisch,narrativ,2,20,18,18,4.75,0.9,4.02492,7730.2315
D M D 3,Hks. Portugiesisch,narrativ,3,41,35,34,4.3414634146,0.85366,5.46608,12333.5112195122
D M D 4,Hks. Portugiesisch,argumentativ,1,36,24,22,4.2222222222,0.66667,4,13882.3411111111
D M D 4,Hks. Portugiesisch,argumentativ,2,58,32,32,4.1551724138,0.55172,4.20181,11535.9805172414
D M D 4,Hks. Portugiesisch,argumentativ,3,65,40,37,4.1538461538,0.61538,4.96139,13115.4589230769
D M D 4,Hks. Portugiesisch,narrativ,1,32,24,24,4.375,0.75,4.24264,10809.1053125
D M D 4,Hks. Portugiesisch,narrativ,2,68,44,44,4.7352941176,0.64706,5.33578,9213.5577941177
D M D 4,Hks. Portugiesisch,narrativ,3,57,49,43,4.4385964912,0.85965,6.49021,15557.349122807
D M D 5,Hks. Portugiesisch,argumentativ,2,17,14,14,3.9411764706,0.82353,3.3955,14334.4929411765
D M D 5,Hks. Portugiesisch,argumentativ,3,15,12,12,4.2,0.8,3.09839,15289.5813333333
D M D 5,Hks. Portugiesisch,narrativ,2,26,18,18,5.3846153846,0.69231,3.53009,12009.1415384615
D M D 5,Hks. Portugiesisch,narrativ,3,22,17,16,4.6363636364,0.77273,3.62441,16057.9422727273
D M D 6,Hks. Portugiesisch,argumentativ,1,12,10,10,4.75,0.83333,2.88675,15233.0491666667
D M D 6,Hks. Portugiesisch,argumentativ,2,16,14,13,4.1875,0.875,3.5,18547.23125
D M D 6,Hks. Portugiesisch,argumentativ,3,23,20,19,4.4347826087,0.86957,4.17029,11159.1334782609
D M D 6,Hks. Portugiesisch,narrativ,1,20,14,14,4.95,0.7,3.1305,6828.88
D M D 6,Hks. Portugiesisch,narrativ,2,32,26,26,4.3125,0.8125,4.59619,9742.88875
D M D 6,Hks. Portugiesisch,narrativ,3,12,12,12,4.5,1,3.4641,18867.4858333333
D M D 7,Hks. Portugiesisch,argumentativ,1,29,23,23,4,0.7931,4.27099,12279.2248275862
D M D 7,Hks. Portugiesisch,argumentativ,3,26,16,16,4.2307692308,0.61538,3.13786,14713.3665384615
D M D 7,Hks. Portugiesisch,narrativ,1,161,70,66,4.7329192547,0.43478,5.51677,11700.7209375
D M D 7,Hks. Portugiesisch,narrativ,3,33,26,24,4.5757575758,0.78788,4.52602,12164.6587878788
D M D 8,Hks. Portugiesisch,argumentativ,2,45,26,25,4.1555555556,0.57778,3.87585,15315.2835555556
D M D 8,Hks. Portugiesisch,argumentativ,3,25,20,20,3.84,0.8,4,18356.3584
D M D 8,Hks. Portugiesisch,narrativ,1,12,12,11,4.5833333333,1,3.4641,18525.6066666667
D M D 8,Hks. Portugiesisch,narrativ,2,25,19,18,4.2,0.76,3.8,10802.9904
D M D 8,Hks. Portugiesisch,narrativ,3,16,12,12,4.25,0.75,3,17913.94
D M D 9,Hks. Portugiesisch,argumentativ,1,27,18,17,4,0.66667,3.4641,16138.7077777778
D M D 9,Hks. Portugiesisch,argumentativ,2,23,15,14,4.0434782609,0.65217,3.12772,17744.927826087
D M D 9,Hks. Portugiesisch,argumentativ,3,33,25,24,4,0.75758,4.35194,14559.3036363636
D M D 9,Hks. Portugiesisch,narrativ,1,22,18,18,4.0454545455,0.81818,3.83761,17238.6640909091
D M D 9,Hks. Portugiesisch,narrativ,2,16,13,13,4.625,0.8125,3.25,14079.325625
D M D 9,Hks. Portugiesisch,narrativ,3,50,36,34,4.64,0.72,5.09117,14520.9234
D N D 10,Vergleichsgruppe,argumentativ,1,56,40,37,4.5714285714,0.71429,5.34522,11851.1208928571
D N D 10,Vergleichsgruppe,argumentativ,2,58,47,45,4.7586206897,0.81034,6.1714,11890.7348275862
D N D 10,Vergleichsgruppe,narrativ,1,72,52,49,4.5138888889,0.72222,6.12826,14378.0635211268
D N D 10,Vergleichsgruppe,narrativ,2,79,50,46,4.8734177215,0.63291,5.62544,12510.5618181818
D N D 11,Vergleichsgruppe,argumentativ,1,38,30,29,4.0526315789,0.78947,4.86664,12596.8897368421
D N D 11,Vergleichsgruppe,argumentativ,2,40,33,33,4.425,0.825,5.21776,9978.267
D N D 11,Vergleichsgruppe,argumentativ,3,48,43,40,4.5833333333,0.89583,6.20652,12417.2189583333
D N D 11,Vergleichsgruppe,narrativ,1,34,25,24,4.5588235294,0.73529,4.28746,15979.8615625
D N D 11,Vergleichsgruppe,narrativ,2,19,14,14,5.1052631579,0.73684,3.21182,14782.7738888889
D N D 11,Vergleichsgruppe,narrativ,3,41,34,33,4.4390243902,0.82927,5.30991,11935.6670731707
D N D 12,Vergleichsgruppe,argumentativ,1,32,15,14,4.0625,0.46875,2.65165,18958.9515625
D N D 12,Vergleichsgruppe,argumentativ,2,41,32,32,4.487804878,0.78049,4.99756,11804.6946341463
D N D 12,Vergleichsgruppe,argumentativ,3,61,36,34,4.4262295082,0.59016,4.60933,15352.0642622951
D N D 12,Vergleichsgruppe,narrativ,1,66,39,33,4.6212121212,0.59091,4.80057,12929.3013846154
D N D 12,Vergleichsgruppe,narrativ,2,67,48,46,4.6119402985,0.71642,5.86413,8415.0610606061
D N D 12,Vergleichsgruppe,narrativ,3,65,47,47,4.8307692308,0.72308,5.82963,11123.1384375
D N D 13,Vergleichsgruppe,argumentativ,1,28,18,18,3.7142857143,0.64286,3.40168,15972.9339285714
D N D 13,Vergleichsgruppe,argumentativ,2,38,31,28,4.3421052632,0.81579,5.02886,15341
D N D 13,Vergleichsgruppe,argumentativ,3,57,36,33,4.2456140351,0.63158,4.76832,11378.0531578947
D N D 13,Vergleichsgruppe,narrativ,1,30,22,19,4.1333333333,0.73333,4.01663,15985.828
D N D 13,Vergleichsgruppe,narrativ,3,20,19,18,5.05,0.95,4.24853,14466.6015
D N D 14,Vergleichsgruppe,argumentativ,1,21,17,16,3.9523809524,0.80952,3.7097,18000.9033333333
D N D 14,Vergleichsgruppe,argumentativ,2,27,20,19,3.8518518519,0.74074,3.849,14231.0107407407
D N D 14,Vergleichsgruppe,narrativ,1,19,18,18,5.5789473684,0.94737,4.12948,5621.632631579
D N D 14,Vergleichsgruppe,narrativ,2,28,21,21,5.6428571429,0.75,3.96863,7373.6033333333
D N D 15,Vergleichsgruppe,argumentativ,1,59,36,34,4.7966101695,0.61017,4.6868,15187.2981034483
D N D 16,Vergleichsgruppe,argumentativ,1,33,25,24,4.2121212121,0.75758,4.35194,15809.4493939394
D N D 16,Vergleichsgruppe,argumentativ,2,70,37,36,4.3571428571,0.52857,4.42235,14524.6195714286
D N D 16,Vergleichsgruppe,argumentativ,3,105,46,43,4.1142857143,0.4381,4.48914,15867.9817142857
D N D 16,Vergleichsgruppe,narrativ,1,59,46,42,4.7457627119,0.77966,5.98869,11819.2831578947
D N D 16,Vergleichsgruppe,narrativ,2,67,45,39,4.2089552239,0.67164,5.49762,15504.418358209
D N D 16,Vergleichsgruppe,narrativ,3,47,36,34,4.6170212766,0.76596,5.25114,13400.6495555556
D N D 17,Vergleichsgruppe,argumentativ,1,43,30,30,4.511627907,0.69767,4.57496,10191.3555813953
D N D 17,Vergleichsgruppe,argumentativ,2,40,24,23,4.55,0.6,3.79473,15444.13625
D N D 17,Vergleichsgruppe,argumentativ,3,56,41,38,4.3035714286,0.73214,5.47886,12630.4716071429
D N D 17,Vergleichsgruppe,narrativ,1,37,26,26,4.5675675676,0.7027,4.27437,12794.6359459459
D N D 17,Vergleichsgruppe,narrativ,2,31,26,23,4.2580645161,0.83871,4.66974,16572.014
D N D 17,Vergleichsgruppe,narrativ,3,24,22,21,5.4166666667,0.91667,4.49073,12538.3052173913
D N D 18,Vergleichsgruppe,argumentativ,1,39,31,30,4.4871794872,0.79487,4.96397,12337.5438461538
D N D 18,Vergleichsgruppe,argumentativ,2,54,36,33,4.3333333333,0.66667,4.89898,13324.3527777778
D N D 18,Vergleichsgruppe,argumentativ,3,63,43,39,4.1746031746,0.68254,5.41749,15838.1057142857
D N D 18,Vergleichsgruppe,narrativ,1,41,28,27,4.9756097561,0.68293,4.37287,10705.3156410256
D N D 18,Vergleichsgruppe,narrativ,2,67,43,41,4.8805970149,0.64179,5.25329,12592.7095454545
D N D 18,Vergleichsgruppe,narrativ,3,62,48,46,4.5967741935,0.77419,6.09601,7365.7613157895
D N D 19,Vergleichsgruppe,argumentativ,1,22,13,13,4,0.59091,2.77161,19235.1304545455
D N D 19,Vergleichsgruppe,argumentativ,2,48,31,29,4.1666666667,0.64583,4.47446,15738.5991666667
D N D 19,Vergleichsgruppe,argumentativ,3,45,31,31,4.2666666667,0.68889,4.62121,15001.3015555556
D N D 19,Vergleichsgruppe,narrativ,1,23,19,18,5.1304347826,0.82609,3.96177,13347.092173913
D N D 19,Vergleichsgruppe,narrativ,2,40,32,30,4.65,0.8,5.05964,14521.57425
D N D 19,Vergleichsgruppe,narrativ,3,41,31,29,4.756097561,0.7561,4.84139,16015.7463414634
D N D 1,Vergleichsgruppe,argumentativ,1,26,22,22,4.5,0.84615,4.31455,10753.0919230769
D N D 1,Vergleichsgruppe,argumentativ,2,38,18,18,4.4736842105,0.47368,2.91999,16784.205
D N D 1,Vergleichsgruppe,argumentativ,3,48,31,30,4.5625,0.64583,4.47446,12019.0889583333
D N D 1,Vergleichsgruppe,narrativ,1,32,24,22,4.96875,0.75,4.24264,14274.5341935484
D N D 1,Vergleichsgruppe,narrativ,2,40,26,25,4.3,0.65,4.11096,10896.66675
D N D 1,Vergleichsgruppe,narrativ,3,16,12,9,3.875,0.75,3,19899.925
D N D 20,Vergleichsgruppe,argumentativ,1,31,22,21,4.7419354839,0.70968,3.95132,11165.7441935484
D N D 20,Vergleichsgruppe,argumentativ,2,25,20,20,4.68,0.8,4,11760.836
D N D 20,Vergleichsgruppe,argumentativ,3,23,19,19,4.4782608696,0.82609,3.96177,11123.0456521739
D N D 20,Vergleichsgruppe,narrativ,1,35,27,25,5.0571428571,0.77143,4.56383,12040.9218181818
D N D 20,Vergleichsgruppe,narrativ,2,36,28,26,4.6388888889,0.77778,4.66667,15170.5202857143
D N D 20,Vergleichsgruppe,narrativ,3,37,24,22,4.1621621622,0.64865,3.94558,16071.4378378378
D N D 21,Vergleichsgruppe,argumentativ,2,65,42,36,4.4307692308,0.64615,5.20946,16760.295625
D N D 21,Vergleichsgruppe,argumentativ,3,33,27,26,4.3636363636,0.81818,4.7001,11203.8354545455
D N D 21,Vergleichsgruppe,narrativ,2,49,37,36,5.0408163265,0.7551,5.28571,11324.1781632653
D N D 21,Vergleichsgruppe,narrativ,3,26,21,20,5.0384615385,0.80769,4.11844,9435.6638461539
D N D 2,Vergleichsgruppe,argumentativ,1,32,25,23,4.40625,0.78125,4.41942,15836.606875
D N D 2,Vergleichsgruppe,argumentativ,2,23,19,17,4.9565217391,0.82609,3.96177,11962.0886956522
D N D 2,Vergleichsgruppe,argumentativ,3,39,31,30,4.4615384615,0.79487,4.96397,9778.44
D N D 2,Vergleichsgruppe,narrativ,1,20,18,18,5,0.9,4.02492,16087.6736842105
D N D 2,Vergleichsgruppe,narrativ,2,18,15,13,4.7222222222,0.83333,3.53553,14117.8483333333
D N D 2,Vergleichsgruppe,narrativ,3,31,24,23,5.0967741935,0.77419,4.31053,13931.8806666667
D N D 3,Vergleichsgruppe,argumentativ,1,66,39,35,4.0151515152,0.59091,4.80057,15898.7989393939
D N D 3,Vergleichsgruppe,argumentativ,2,59,33,30,4.2542372881,0.55932,4.29623,15984.6638983051
D N D 3,Vergleichsgruppe,argumentativ,3,84,48,45,3.9285714286,0.57143,5.23723,16978.62
D N D 3,Vergleichsgruppe,narrativ,1,91,54,50,4.3956043956,0.59341,5.66074,17146.3157142857
D N D 3,Vergleichsgruppe,narrativ,2,26,23,23,4.8846153846,0.88462,4.51067,13718.3161538462
D N D 3,Vergleichsgruppe,narrativ,3,57,45,43,4.701754386,0.78947,5.9604,11839.8550877193
D N D 4,Vergleichsgruppe,argumentativ,1,53,39,35,4.0943396226,0.73585,5.35706,12383.4071698113
D N D 4,Vergleichsgruppe,argumentativ,2,32,26,24,4.28125,0.8125,4.59619,10633.1134375
D N D 4,Vergleichsgruppe,argumentativ,3,56,40,39,4.1071428571,0.71429,5.34522,9485.3975
D N D 4,Vergleichsgruppe,narrativ,1,19,19,16,4.5263157895,1,4.3589,19351.3910526316
D N D 4,Vergleichsgruppe,narrativ,2,18,17,16,4.2777777778,0.94444,4.00694,16539.6688888889
D N D 4,Vergleichsgruppe,narrativ,3,36,29,28,4.3333333333,0.80556,4.83333,14473.1505555556
D N D 5,Vergleichsgruppe,argumentativ,1,52,39,36,4.6346153846,0.75,5.40833,14039.6584615385
D N D 5,Vergleichsgruppe,argumentativ,2,53,42,40,4.7358490566,0.79245,5.76914,11993.1868627451
D N D 5,Vergleichsgruppe,argumentativ,3,49,38,37,4.5102040816,0.77551,5.42857,15145.4791836735
D N D 5,Vergleichsgruppe,narrativ,1,47,35,32,4,0.74468,5.10527,14300.8141304348
D N D 5,Vergleichsgruppe,narrativ,2,74,51,47,4.527027027,0.68919,5.92863,13468.7119178082
D N D 5,Vergleichsgruppe,narrativ,3,98,69,62,4.6530612245,0.70408,6.97005,16709.7395789474
D N D 6,Vergleichsgruppe,argumentativ,1,38,31,30,4.3684210526,0.81579,5.02886,9846.907631579
D N D 6,Vergleichsgruppe,argumentativ,2,31,29,28,5.2258064516,0.93548,5.20855,10841.4651612903
D N D 6,Vergleichsgruppe,argumentativ,3,71,58,55,4.985915493,0.8169,6.88333,11239.7954285714
D N D 6,Vergleichsgruppe,narrativ,1,11,11,11,4.9090909091,1,3.31662,8944.4327272727
D N D 6,Vergleichsgruppe,narrativ,2,27,25,24,5.1111111111,0.92593,4.81125,12888.4626923077
D N D 6,Vergleichsgruppe,narrativ,3,39,32,31,4.5897435897,0.82051,5.1241,10044.7505128205
D N D 7,Vergleichsgruppe,argumentativ,1,32,26,25,4.5,0.8125,4.59619,15715.93375
D N D 7,Vergleichsgruppe,argumentativ,2,33,27,25,4.0606060606,0.81818,4.7001,16747.2678787879
D N D 7,Vergleichsgruppe,argumentativ,3,64,47,45,4.328125,0.73438,5.875,13988.48625
D N D 7,Vergleichsgruppe,narrativ,1,42,31,28,4.880952381,0.7381,4.7834,12011.5224390244
D N D 7,Vergleichsgruppe,narrativ,2,37,32,30,4.5675675676,0.86486,5.26077,14235.5391666667
D N D 7,Vergleichsgruppe,narrativ,3,42,34,33,5.6428571429,0.80952,5.24631,12167.7252380952
D N D 8,Vergleichsgruppe,argumentativ,1,17,14,14,5.1764705882,0.82353,3.3955,14263.1764705882
D N D 8,Vergleichsgruppe,argumentativ,2,21,14,14,4.5714285714,0.66667,3.05505,14899.6652380952
D N D 8,Vergleichsgruppe,argumentativ,3,23,21,21,4.9130434783,0.91304,4.3788,7840.3717391304
D N D 8,Vergleichsgruppe,narrativ,1,42,27,25,4.5238095238,0.64286,4.16619,20037.1785714286
D N D 8,Vergleichsgruppe,narrativ,2,27,19,19,4.3333333333,0.7037,3.65655,17212.0146153846
D N D 9,Vergleichsgruppe,argumentativ,1,54,27,27,4.4259259259,0.5,3.67423,11571.0307407407
D N D 9,Vergleichsgruppe,argumentativ,2,60,31,31,4.4166666667,0.51667,4.00208,13231.0541666667
D N D 9,Vergleichsgruppe,argumentativ,3,53,40,37,4.6037735849,0.75472,5.49442,12077.5818867925
D N D 9,Vergleichsgruppe,narrativ,1,65,46,44,4.7692307692,0.70769,5.7056,10335.416984127
D N D 9,Vergleichsgruppe,narrativ,2,119,84,78,4.9243697479,0.70588,7.70027,10755.8606779661
D N D 9,Vergleichsgruppe,narrativ,3,51,43,40,5.568627451,0.84314,6.0212,10666.928125
D O D 10,Hks. Portugiesisch,argumentativ,1,28,17,17,3.6785714286,0.60714,3.2127,14694.975
D O D 10,Hks. Portugiesisch,argumentativ,2,27,20,19,4.4814814815,0.74074,3.849,13940.607037037
D O D 10,Hks. Portugiesisch,narrativ,1,27,23,20,4.2592592593,0.85185,4.42635,16332.0733333333
D O D 10,Hks. Portugiesisch,narrativ,2,22,17,17,5.1818181818,0.77273,3.62441,8120.9831818182
D O D 10,Hks. Portugiesisch,narrativ,3,43,32,30,4.3488372093,0.74419,4.87995,11929.9148837209
D O D 11,Hks. Portugiesisch,argumentativ,1,41,34,33,4.3902439024,0.82927,5.30991,13554.4226829268
D O D 11,Hks. Portugiesisch,argumentativ,2,39,29,27,4.6666666667,0.74359,4.64372,12353.5507692308
D O D 11,Hks. Portugiesisch,argumentativ,3,91,55,51,4.3956043956,0.6044,5.76557,11302.1882417582
D O D 11,Hks. Portugiesisch,narrativ,1,25,25,24,4.52,1,5,12542.6808
D O D 11,Hks. Portugiesisch,narrativ,2,31,25,25,4.8064516129,0.80645,4.49013,13050.124516129
D O D 11,Hks. Portugiesisch,narrativ,3,109,63,58,4.3027522936,0.57798,6.03431,10907.2418348624
D O D 12,Hks. Portugiesisch,argumentativ,1,108,55,54,4.0925925926,0.50926,5.29238,15830.1567592593
D O D 12,Hks. Portugiesisch,argumentativ,2,115,77,74,4.2956521739,0.66957,7.18029,12235.5979130435
D O D 12,Hks. Portugiesisch,argumentativ,3,143,82,80,4.3496503497,0.57343,6.85718,11403.1948251748
D O D 12,Hks. Portugiesisch,narrativ,1,150,78,73,4.6333333333,0.52,6.36867,14206.0452
D O D 12,Hks. Portugiesisch,narrativ,2,126,71,67,4.5476190476,0.56349,6.32518,13168.6888095238
D O D 12,Hks. Portugiesisch,narrativ,3,173,73,68,4.4335260116,0.42197,5.55009,13325.5423121387
D O D 13,Hks. Portugiesisch,argumentativ,1,49,31,29,4.4285714286,0.63265,4.42857,15020.4197959184
D O D 13,Hks. Portugiesisch,argumentativ,2,49,31,30,4.4489795918,0.63265,4.42857,16613.9363265306
D O D 13,Hks. Portugiesisch,narrativ,1,38,28,25,4.9736842105,0.73684,4.5422,16004.2215789474
D O D 13,Hks. Portugiesisch,narrativ,2,40,29,27,4.425,0.725,4.5853,12836.86075
D O D 14,Hks. Portugiesisch,argumentativ,1,32,19,19,4.21875,0.59375,3.35876,16126.545625
D O D 14,Hks. Portugiesisch,argumentativ,2,39,25,22,4.1282051282,0.64103,4.0032,17775.0907692308
D O D 14,Hks. Portugiesisch,argumentativ,3,28,21,20,4.3928571429,0.75,3.96863,14100.4975
D O D 14,Hks. Portugiesisch,narrativ,1,17,15,15,4.5882352941,0.88235,3.63803,8751.3876470588
D O D 14,Hks. Portugiesisch,narrativ,2,33,26,26,5,0.78788,4.52602,12044.3412121212
D O D 14,Hks. Portugiesisch,narrativ,3,54,40,39,4.9259259259,0.74074,5.44331,14668.4818518519
D O D 15,Hks. Portugiesisch,argumentativ,1,37,31,30,4.9459459459,0.83784,5.09637,12397.2254054054
D O D 15,Hks. Portugiesisch,argumentativ,2,40,33,31,4.575,0.825,5.21776,14936.44525
D O D 15,Hks. Portugiesisch,argumentativ,3,32,25,25,4.4375,0.78125,4.41942,8336.3478125
D O D 15,Hks. Portugiesisch,narrativ,1,101,57,50,4.6633663366,0.56436,5.67171,17532.3654545455
D O D 15,Hks. Portugiesisch,narrativ,2,68,47,43,4.7794117647,0.69118,5.69959,11693.041969697
D O D 15,Hks. Portugiesisch,narrativ,3,34,25,25,4.3529411765,0.73529,4.28746,10858.8244117647
D O D 16,Hks. Portugiesisch,argumentativ,1,35,30,29,4.6857142857,0.85714,5.07093,10139.5362857143
D O D 16,Hks. Portugiesisch,argumentativ,2,37,24,22,4.8918918919,0.64865,3.94558,14207.7932432432
D O D 16,Hks. Portugiesisch,argumentativ,3,30,21,20,4.6666666667,0.7,3.83406,14905.0603333333
D O D 16,Hks. Portugiesisch,narrativ,1,15,13,12,4.3333333333,0.86667,3.35659,6410.7526666667
D O D 16,Hks. Portugiesisch,narrativ,2,25,24,22,4.48,0.96,4.8,10900.5768
D O D 16,Hks. Portugiesisch,narrativ,3,58,46,42,4.3275862069,0.7931,6.0401,12060.4659649123
D O D 17,Hks. Portugiesisch,argumentativ,1,28,19,18,4.3571428571,0.67857,3.59066,14260.9892857143
D O D 17,Hks. Portugiesisch,argumentativ,2,38,26,24,4.2894736842,0.68421,4.21776,15213.1431578947
D O D 17,Hks. Portugiesisch,argumentativ,3,51,36,34,4.4117647059,0.70588,5.04101,14607.08
D O D 17,Hks. Portugiesisch,narrativ,2,20,17,17,5,0.85,3.80132,5506.7355
D O D 17,Hks. Portugiesisch,narrativ,3,74,45,44,4.6756756757,0.60811,5.23114,15520.3709459459
D O D 19,Hks. Portugiesisch,argumentativ,1,50,37,36,4.1,0.74,5.23259,8378.2378
D O D 19,Hks. Portugiesisch,argumentativ,2,27,21,21,4.4814814815,0.77778,4.04145,10930.882962963
D O D 19,Hks. Portugiesisch,argumentativ,3,119,61,61,4.2773109244,0.51261,5.59186,11230.7106722689
D O D 19,Hks. Portugiesisch,narrativ,1,68,45,43,4.4705882353,0.66176,5.45705,11034.6752238806
D O D 19,Hks. Portugiesisch,narrativ,2,26,24,23,4.1923076923,0.92308,4.70679,15616.7176923077
D O D 19,Hks. Portugiesisch,narrativ,3,49,35,34,4.7755102041,0.71429,5,11000.853125
D O D 1,Hks. Portugiesisch,argumentativ,1,32,26,25,4.5625,0.8125,4.59619,12180.3365625
D O D 1,Hks. Portugiesisch,argumentativ,2,40,27,25,4.2,0.675,4.26907,15673.45875
D O D 1,Hks. Portugiesisch,argumentativ,3,40,29,29,4.45,0.725,4.5853,13197.96325
D O D 1,Hks. Portugiesisch,narrativ,1,16,15,14,3.8125,0.9375,3.75,16793.104375
D O D 1,Hks. Portugiesisch,narrativ,3,50,37,34,5.02,0.74,5.23259,14040.8020833333
D O D 20,Hks. Portugiesisch,argumentativ,1,15,13,13,4.2666666667,0.86667,3.35659,13507.7586666667
D O D 20,Hks. Portugiesisch,argumentativ,3,23,20,19,4.652173913,0.86957,4.17029,10314.8947826087
D O D 20,Hks. Portugiesisch,narrativ,3,37,25,23,4.6216216216,0.67568,4.10997,10234.5889189189
D O D 21,Hks. Portugiesisch,argumentativ,3,106,68,63,4.5,0.64151,6.60474,9170.5470476191
D O D 21,Hks. Portugiesisch,narrativ,3,90,61,56,4.8333333333,0.67778,6.42996,12032.9446666667
D O D 22,Hks. Portugiesisch,argumentativ,2,57,40,39,4.5614035088,0.70175,5.29813,12508.9598245614
D O D 22,Hks. Portugiesisch,narrativ,2,73,51,48,4.1643835616,0.69863,5.9691,11350.522739726
D O D 2,Hks. Portugiesisch,argumentativ,1,25,22,20,3.88,0.88,4.4,16846.3344
D O D 2,Hks. Portugiesisch,argumentativ,2,27,21,21,4.0740740741,0.77778,4.04145,16632.422962963
D O D 2,Hks. Portugiesisch,argumentativ,3,38,29,28,4.5789473684,0.76316,4.70442,12941.0168421053
D O D 2,Hks. Portugiesisch,narrativ,1,29,20,19,4.6551724138,0.68966,3.71391,8872.225862069
D O D 2,Hks. Portugiesisch,narrativ,3,52,33,30,4.4423076923,0.63462,4.57628,14103.1401923077
D O D 3,Hks. Portugiesisch,argumentativ,2,40,28,27,4.525,0.7,4.42719,13000.2015
D O D 3,Hks. Portugiesisch,narrativ,2,35,28,28,4.9142857143,0.8,4.73286,12281.5678787879
D O D 4,Hks. Portugiesisch,argumentativ,1,44,26,26,4.1818181818,0.59091,3.91965,14700.2019512195
D O D 4,Hks. Portugiesisch,argumentativ,2,62,37,35,4.3870967742,0.59677,4.699,16755.0024193548
D O D 4,Hks. Portugiesisch,argumentativ,3,81,44,42,4.4938271605,0.54321,4.88889,13885.6934567901
D O D 4,Hks. Portugiesisch,narrativ,1,50,33,29,4.48,0.66,4.6669,13799.9696
D O D 4,Hks. Portugiesisch,narrativ,2,23,21,21,4.6956521739,0.91304,4.3788,11279.1904347826
D O D 4,Hks. Portugiesisch,narrativ,3,59,46,42,4.1694915254,0.77966,5.98869,11900.3808474576
D O D 5,Hks. Portugiesisch,argumentativ,3,39,24,22,4.4358974359,0.61538,3.84308,11693.7666666667
D O D 5,Hks. Portugiesisch,narrativ,3,104,68,61,4.2307692308,0.65385,6.66795,13654.5908737864
D O D 6,Hks. Portugiesisch,argumentativ,1,27,17,17,3.9259259259,0.62963,3.27165,16555.4188888889
D O D 6,Hks. Portugiesisch,argumentativ,3,43,31,31,4.511627907,0.72093,4.72746,9606.9923255814
D O D 6,Hks. Portugiesisch,narrativ,1,17,14,14,4.7647058824,0.82353,3.3955,12282.5517647059
D O D 6,Hks. Portugiesisch,narrativ,3,61,38,36,4.606557377,0.62295,4.8654,16688.157704918
D O D 7,Hks. Portugiesisch,argumentativ,1,21,18,18,4.4761904762,0.85714,3.92792,10733.5542857143
D O D 7,Hks. Portugiesisch,narrativ,1,60,32,30,4.4333333333,0.53333,4.13118,14092.8161666667
D O D 8,Hks. Portugiesisch,argumentativ,3,27,20,20,4.3703703704,0.74074,3.849,13255.3481481481
D O D 8,Hks. Portugiesisch,narrativ,3,66,43,43,4.5606060606,0.65152,5.29293,13785.8287301587
D O D 9,Hks. Portugiesisch,argumentativ,1,33,24,23,4.0606060606,0.72727,4.17786,14346.5584848485
D O D 9,Hks. Portugiesisch,argumentativ,3,35,27,25,4.3428571429,0.77143,4.56383,11471.4768571429
D O D 9,Hks. Portugiesisch,narrativ,1,25,17,16,5.04,0.68,3.4,13496.0476
D O D 9,Hks. Portugiesisch,narrativ,3,69,38,38,4.6956521739,0.55072,4.57466,14157.9824637681
D S D 10,Vergleichsgruppe,argumentativ,1,23,20,20,4.9130434783,0.86957,4.17029,11832.4290909091
D S D 10,Vergleichsgruppe,argumentativ,2,23,20,20,4.9130434783,0.86957,4.17029,11832.4290909091
D S D 10,Vergleichsgruppe,argumentativ,3,32,27,26,4.4375,0.84375,4.77297,13220.6403225806
D S D 10,Vergleichsgruppe,narrativ,2,22,20,20,4.5,0.90909,4.26401,14587.0545454545
D S D 10,Vergleichsgruppe,narrativ,3,20,18,18,4.25,0.9,4.02492,10260.7835
D S D 11,Vergleichsgruppe,argumentativ,1,55,40,38,4.5636363636,0.72727,5.3936,12261.8596363636
D S D 11,Vergleichsgruppe,argumentativ,2,45,34,32,4.4888888889,0.75556,5.06842,9168.342
D S D 11,Vergleichsgruppe,argumentativ,3,46,38,37,5,0.82609,5.60279,12922.7708695652
D S D 11,Vergleichsgruppe,narrativ,1,22,17,17,4.9545454545,0.77273,3.62441,8464.1854545455
D S D 11,Vergleichsgruppe,narrativ,2,31,21,20,4.6774193548,0.67742,3.77171,11523.01
D S D 11,Vergleichsgruppe,narrativ,3,44,33,31,4.5454545455,0.75,4.97494,8939.0334090909
D S D 12,Vergleichsgruppe,argumentativ,1,24,17,17,4.2916666667,0.70833,3.47011,17705.3266666667
D S D 12,Vergleichsgruppe,argumentativ,2,37,29,28,4.6486486486,0.78378,4.76757,15355.9145945946
D S D 12,Vergleichsgruppe,argumentativ,3,50,32,31,4.12,0.64,4.52548,12365.9994
D S D 12,Vergleichsgruppe,narrativ,1,48,39,36,4.7708333333,0.8125,5.62917,10953.3010416667
D S D 12,Vergleichsgruppe,narrativ,2,47,31,29,4.5531914894,0.65957,4.52181,12785.6
D S D 12,Vergleichsgruppe,narrativ,3,65,44,41,5.0153846154,0.67692,5.45753,11777.4582258065
D S D 13,Vergleichsgruppe,argumentativ,1,18,16,16,4.5,0.88889,3.77124,8167.9088888889
D S D 13,Vergleichsgruppe,argumentativ,2,27,25,24,4.6296296296,0.92593,4.81125,9152.7814814815
D S D 13,Vergleichsgruppe,argumentativ,3,24,23,22,5.0833333333,0.95833,4.69486,11615.9108333333
D S D 13,Vergleichsgruppe,narrativ,2,26,20,20,4.9230769231,0.76923,3.92232,10910.2653846154
D S D 13,Vergleichsgruppe,narrativ,3,14,11,11,4.8571428571,0.78571,2.93987,9836.6571428571
D S D 14,Vergleichsgruppe,argumentativ,1,29,22,22,4.3103448276,0.75862,4.0853,12281.29
D S D 14,Vergleichsgruppe,argumentativ,2,26,22,20,4.5384615385,0.84615,4.31455,13465.1888461538
D S D 14,Vergleichsgruppe,argumentativ,3,34,27,26,4.3529411765,0.79412,4.63046,10160.9167647059
D S D 14,Vergleichsgruppe,narrativ,1,13,7,7,5.0769230769,0.53846,1.94145,16585.295
D S D 14,Vergleichsgruppe,narrativ,2,38,30,29,4.5263157895,0.78947,4.86664,16589.9389473684
D S D 14,Vergleichsgruppe,narrativ,3,35,28,28,4.8857142857,0.8,4.73286,10046.2408571429
D S D 1,Vergleichsgruppe,argumentativ,1,57,39,37,4.2456140351,0.68421,5.16568,14361.2440350877
D S D 1,Vergleichsgruppe,argumentativ,2,113,70,68,4.407079646,0.61947,6.58505,9119.3000884956
D S D 1,Vergleichsgruppe,argumentativ,3,56,38,38,4.5178571429,0.67857,5.07796,10907.4276785714
D S D 1,Vergleichsgruppe,narrativ,1,36,22,22,4.9444444444,0.61111,3.66667,13157.5351428571
D S D 1,Vergleichsgruppe,narrativ,2,69,45,43,4.5797101449,0.65217,5.41736,12113.7013432836
D S D 1,Vergleichsgruppe,narrativ,3,54,42,39,4.3518518519,0.77778,5.71548,13476.6111111111
D S D 2,Vergleichsgruppe,argumentativ,1,27,20,19,4.3333333333,0.74074,3.849,12417.1411111111
D S D 2,Vergleichsgruppe,argumentativ,2,23,20,20,4.347826087,0.86957,4.17029,8742.1952173913
D S D 2,Vergleichsgruppe,argumentativ,3,54,38,36,4.3333333333,0.7037,5.17115,12666.3209259259
D S D 2,Vergleichsgruppe,narrativ,1,24,19,19,5.0416666667,0.79167,3.87836,12423.8375
D S D 2,Vergleichsgruppe,narrativ,2,24,17,17,5.5,0.70833,3.47011,11059.59375
D S D 2,Vergleichsgruppe,narrativ,3,29,24,24,4.6551724138,0.82759,4.45669,11675.7893103448
D S D 3,Vergleichsgruppe,argumentativ,1,20,17,16,4.3,0.85,3.80132,17467.018
D S D 3,Vergleichsgruppe,argumentativ,2,23,20,20,4.7391304348,0.86957,4.17029,10554.9930434783
D S D 3,Vergleichsgruppe,argumentativ,3,16,16,16,4.5625,1,4,12854.705
D S D 3,Vergleichsgruppe,narrativ,2,20,16,15,5,0.8,3.57771,16236.7336842105
D S D 3,Vergleichsgruppe,narrativ,3,17,15,15,4.7647058824,0.88235,3.63803,15199.12125
D S D 4,Vergleichsgruppe,argumentativ,1,22,16,16,4.5909090909,0.72727,3.41121,10684.1286363636
D S D 4,Vergleichsgruppe,argumentativ,2,25,21,20,4.68,0.84,4.2,11411.084
D S D 4,Vergleichsgruppe,argumentativ,3,44,29,28,4.3863636364,0.65909,4.37191,13575.2336363636
D S D 4,Vergleichsgruppe,narrativ,1,29,14,14,4.6206896552,0.48276,2.59973,13661.2825
D S D 4,Vergleichsgruppe,narrativ,2,15,13,13,4.6,0.86667,3.35659,15116.62
D S D 4,Vergleichsgruppe,narrativ,3,36,34,31,4.5,0.94444,5.66667,12155.9494285714
D S D 5,Vergleichsgruppe,argumentativ,1,24,19,19,4.5,0.79167,3.87836,12692.2091666667
D S D 5,Vergleichsgruppe,argumentativ,2,25,21,20,4.36,0.84,4.2,12441.132
D S D 5,Vergleichsgruppe,argumentativ,3,29,25,24,4.6206896552,0.86207,4.64238,12459.324137931
D S D 5,Vergleichsgruppe,narrativ,1,30,21,20,4.3666666667,0.7,3.83406,16125.6031034483
D S D 5,Vergleichsgruppe,narrativ,2,25,18,18,5,0.72,3.6,9501.6636
D S D 5,Vergleichsgruppe,narrativ,3,85,58,53,4.5764705882,0.68235,6.29098,12766.3407058824
D S D 6,Vergleichsgruppe,argumentativ,1,51,33,32,4.1176470588,0.64706,4.62092,15199.2133333333
D S D 6,Vergleichsgruppe,argumentativ,2,46,35,33,4.2173913043,0.76087,5.16047,15416.4176086957
D S D 6,Vergleichsgruppe,argumentativ,3,22,21,19,4.8636363636,0.95455,4.47722,17780.4736363636
D S D 6,Vergleichsgruppe,narrativ,1,24,18,18,4.2916666667,0.75,3.67423,11642.0216666667
D S D 6,Vergleichsgruppe,narrativ,2,34,27,26,4.5588235294,0.79412,4.63046,12753.0358823529
D S D 6,Vergleichsgruppe,narrativ,3,22,19,18,4.2727272727,0.86364,4.05081,14359.3890909091
D S D 7,Vergleichsgruppe,argumentativ,1,62,40,39,4.3225806452,0.64516,5.08001,6217.2232258065
D S D 7,Vergleichsgruppe,argumentativ,2,80,51,51,4.35,0.6375,5.70197,6305.186
D S D 7,Vergleichsgruppe,argumentativ,3,68,44,42,4.4117647059,0.64706,5.33578,11114.9905882353
D S D 7,Vergleichsgruppe,narrativ,1,25,19,19,4.24,0.76,3.8,12733.3524
D S D 7,Vergleichsgruppe,narrativ,2,55,32,29,4.3454545455,0.58182,4.31488,16138.0549090909
D S D 7,Vergleichsgruppe,narrativ,3,71,53,49,4.9295774648,0.74648,6.28994,11893.5954285714
D S D 8,Vergleichsgruppe,argumentativ,1,23,19,18,3.7391304348,0.82609,3.96177,11593.7756521739
D S D 8,Vergleichsgruppe,argumentativ,2,25,18,17,4.68,0.72,3.6,9190.654
D S D 8,Vergleichsgruppe,argumentativ,3,20,15,15,4.5,0.75,3.3541,6799.558
D S D 8,Vergleichsgruppe,narrativ,3,11,10,10,5.5454545455,0.90909,3.01511,16379.0081818182
D S D 9,Vergleichsgruppe,argumentativ,1,64,35,34,4.578125,0.54688,4.375,6736.65484375
D S D 9,Vergleichsgruppe,argumentativ,2,53,24,23,4.6037735849,0.45283,3.29665,15836.6598113208
D S D 9,Vergleichsgruppe,argumentativ,3,19,16,15,4.2631578947,0.84211,3.67065,14344.8042105263
D S D 9,Vergleichsgruppe,narrativ,1,33,24,23,4.6060606061,0.72727,4.17786,10024.1948484848
D S D 9,Vergleichsgruppe,narrativ,2,25,19,19,5.2,0.76,3.8,10575.8816
D S D 9,Vergleichsgruppe,narrativ,3,53,34,33,4.679245283,0.64151,4.67026,12644.9743396226
D U D 10,Vergleichsgruppe,argumentativ,1,35,28,25,4.1428571429,0.8,4.73286,16345.9348571429
D U D 10,Vergleichsgruppe,argumentativ,2,37,27,27,4.1081081081,0.72973,4.43877,12853.0186486486
D U D 10,Vergleichsgruppe,argumentativ,3,48,36,32,4.5625,0.75,5.19615,14107.201875
D U D 10,Vergleichsgruppe,narrativ,3,38,30,28,5.7631578947,0.78947,4.86664,12563.9541666667
D U D 11,Vergleichsgruppe,argumentativ,1,21,16,16,4.4761904762,0.7619,3.49149,14419.8338095238
D U D 11,Vergleichsgruppe,argumentativ,2,41,36,34,4.6585365854,0.87805,5.62226,11894.8395121951
D U D 11,Vergleichsgruppe,argumentativ,3,69,52,50,4.6811594203,0.75362,6.26006,11287.6477941176
D U D 11,Vergleichsgruppe,narrativ,1,11,11,11,4.5454545455,1,3.31662,9339.6981818182
D U D 11,Vergleichsgruppe,narrativ,2,29,25,24,4.5862068966,0.86207,4.64238,14251.0689285714
D U D 11,Vergleichsgruppe,narrativ,3,31,21,21,4.7741935484,0.67742,3.77171,13316.7535483871
D U D 12,Vergleichsgruppe,argumentativ,1,28,24,25,4.5714285714,0.85714,4.53557,9534.4678571429
D U D 12,Vergleichsgruppe,argumentativ,2,46,30,29,4.3260869565,0.65217,4.42326,12397.007173913
D U D 12,Vergleichsgruppe,narrativ,1,24,22,22,5.1666666667,0.91667,4.49073,9840.1583333333
D U D 12,Vergleichsgruppe,narrativ,2,28,22,21,4.6785714286,0.78571,4.15761,16885.7228571429
D U D 13,Vergleichsgruppe,argumentativ,1,29,22,21,4.3103448276,0.75862,4.0853,15152.4720689655
D U D 13,Vergleichsgruppe,argumentativ,2,33,25,23,4.1515151515,0.75758,4.35194,12480.1390909091
D U D 13,Vergleichsgruppe,argumentativ,3,84,41,38,4.4047619048,0.4881,4.47347,13679.3102380952
D U D 13,Vergleichsgruppe,narrativ,1,15,14,13,4.7333333333,0.93333,3.61478,20104.222
D U D 13,Vergleichsgruppe,narrativ,2,17,17,17,5.8235294118,1,4.12311,11585.0623529412
D U D 13,Vergleichsgruppe,narrativ,3,44,32,32,5.1818181818,0.72727,4.82418,13206.7290909091
D U D 14,Vergleichsgruppe,argumentativ,1,30,21,20,4.2333333333,0.7,3.83406,17252.336
D U D 14,Vergleichsgruppe,argumentativ,2,39,31,29,4.6666666667,0.79487,4.96397,13556.2523076923
D U D 14,Vergleichsgruppe,argumentativ,3,79,59,58,4.5443037975,0.74684,6.63802,10975.8003797468
D U D 14,Vergleichsgruppe,narrativ,2,17,13,13,4.6470588235,0.76471,3.15296,16910.410625
D U D 14,Vergleichsgruppe,narrativ,3,76,56,52,4.3947368421,0.73684,6.42364,12728.8202631579
D U D 15,Vergleichsgruppe,argumentativ,1,37,22,21,4.6486486486,0.59459,3.61678,12791.2108108108
D U D 15,Vergleichsgruppe,argumentativ,2,75,50,48,4.2666666667,0.66667,5.7735,9982.8348648649
D U D 15,Vergleichsgruppe,argumentativ,3,40,25,23,4.125,0.625,3.95285,18407.522
D U D 15,Vergleichsgruppe,narrativ,1,24,16,14,4.8333333333,0.66667,3.26599,19150.6640909091
D U D 15,Vergleichsgruppe,narrativ,2,26,21,20,5.2692307692,0.80769,4.11844,15165.5884
D U D 15,Vergleichsgruppe,narrativ,3,85,58,56,5.0235294118,0.68235,6.29098,11216.7651764706
D U D 1,Vergleichsgruppe,argumentativ,1,46,30,28,4.652173913,0.65217,4.42326,8294.397173913
D U D 1,Vergleichsgruppe,argumentativ,2,63,40,37,4.253968254,0.63492,5.03953,14065.4904761905
D U D 1,Vergleichsgruppe,argumentativ,3,28,15,15,4.1785714286,0.53571,2.83473,12448.7567857143
D U D 1,Vergleichsgruppe,narrativ,2,40,30,30,4.7,0.75,4.74342,11354.279
D U D 1,Vergleichsgruppe,narrativ,3,60,41,38,4.4,0.68333,5.29308,15118.8195
D U D 2,Vergleichsgruppe,argumentativ,1,40,28,27,4.125,0.7,4.42719,12479.38675
D U D 2,Vergleichsgruppe,argumentativ,2,22,18,17,4.5454545455,0.81818,3.83761,10080.4777272727
D U D 2,Vergleichsgruppe,argumentativ,3,25,20,20,4.6,0.8,4,13472.1052
D U D 2,Vergleichsgruppe,narrativ,1,12,10,10,4.8333333333,0.83333,2.88675,13445.4541666667
D U D 2,Vergleichsgruppe,narrativ,2,9,9,9,6.1111111111,1,3,14279.0777777778
D U D 2,Vergleichsgruppe,narrativ,3,28,26,25,4.5,0.92857,4.91354,12974.1122222222
D U D 3,Vergleichsgruppe,argumentativ,1,15,14,14,4,0.93333,3.61478,14588.186
D U D 3,Vergleichsgruppe,argumentativ,2,21,20,19,3.8095238095,0.95238,4.36436,13590.4157142857
D U D 3,Vergleichsgruppe,argumentativ,3,27,21,20,5.037037037,0.77778,4.04145,13137.0866666667
D U D 4,Vergleichsgruppe,argumentativ,1,20,17,16,4.8,0.85,3.80132,12424.3185
D U D 4,Vergleichsgruppe,argumentativ,2,31,27,25,4.8064516129,0.87097,4.84934,13074.9519354839
D U D 4,Vergleichsgruppe,argumentativ,3,79,59,55,4.4683544304,0.74684,6.63802,12725.1112658228
D U D 4,Vergleichsgruppe,narrativ,1,19,14,13,4.6315789474,0.73684,3.21182,18558.9105555556
D U D 4,Vergleichsgruppe,narrativ,2,23,18,18,4.6956521739,0.78261,3.75326,8886.5947826087
D U D 4,Vergleichsgruppe,narrativ,3,60,50,49,5.4666666667,0.83333,6.45497,5991.4474576271
D U D 5,Vergleichsgruppe,argumentativ,1,47,23,22,4.5319148936,0.48936,3.35489,15380.709787234
D U D 5,Vergleichsgruppe,argumentativ,2,45,33,32,4.4666666667,0.73333,4.91935,12641.0395555556
D U D 5,Vergleichsgruppe,argumentativ,3,33,21,20,4.5151515152,0.63636,3.65563,15929.8651515152
D U D 5,Vergleichsgruppe,narrativ,1,18,17,16,4.4444444444,0.94444,4.00694,14457.8477777778
D U D 5,Vergleichsgruppe,narrativ,2,31,27,27,5.2258064516,0.87097,4.84934,11907.82
D U D 5,Vergleichsgruppe,narrativ,3,49,34,30,4.7551020408,0.69388,4.85714,13088.0644897959
D U D 6,Vergleichsgruppe,argumentativ,1,15,11,11,4.5333333333,0.73333,2.84019,20166.6385714286
D U D 6,Vergleichsgruppe,argumentativ,2,46,39,38,4.4782608696,0.84783,5.75024,11015.0913043478
D U D 6,Vergleichsgruppe,argumentativ,3,27,23,23,5.037037037,0.85185,4.42635,8551.8566666667
D U D 6,Vergleichsgruppe,narrativ,1,13,12,12,4.8461538462,0.92308,3.3282,20802.9515384615
D U D 6,Vergleichsgruppe,narrativ,2,38,26,26,4.9736842105,0.68421,4.21776,11186.2668421053
D U D 6,Vergleichsgruppe,narrativ,3,41,34,33,4.1707317073,0.82927,5.30991,13655.193902439
D U D 7,Vergleichsgruppe,argumentativ,1,42,28,26,4.0952380952,0.66667,4.32049,13226.1078571429
D U D 7,Vergleichsgruppe,argumentativ,2,39,33,30,4.5128205128,0.84615,5.28423,14781.3305128205
D U D 7,Vergleichsgruppe,argumentativ,3,53,40,36,4.5471698113,0.75472,5.49442,13637.9001923077
D U D 7,Vergleichsgruppe,narrativ,1,34,25,25,4.1176470588,0.73529,4.28746,15667.6609090909
D U D 7,Vergleichsgruppe,narrativ,2,20,18,18,4.7,0.9,4.02492,17192.0936842105
D U D 7,Vergleichsgruppe,narrativ,3,41,34,31,4.6585365854,0.82927,5.30991,17480.8555
D U D 8,Vergleichsgruppe,argumentativ,1,56,39,37,4.1964285714,0.69643,5.21159,12360.8066071429
D U D 8,Vergleichsgruppe,argumentativ,2,59,35,33,4.3728813559,0.59322,4.55661,13166.3522033898
D U D 8,Vergleichsgruppe,argumentativ,3,94,73,67,4.8191489362,0.7766,7.52938,13982.6732978723
D U D 8,Vergleichsgruppe,narrativ,1,27,21,20,4.4074074074,0.77778,4.04145,14464.4222222222
D U D 8,Vergleichsgruppe,narrativ,2,43,37,36,4.7441860465,0.86047,5.64245,10265.6951162791
D U D 8,Vergleichsgruppe,narrativ,3,144,88,82,4.2013888889,0.61111,7.33333,13733.2565492958
D U D 9,Vergleichsgruppe,argumentativ,1,24,22,22,4.3333333333,0.91667,4.49073,12439.44625
D U D 9,Vergleichsgruppe,argumentativ,2,55,32,31,4.3454545455,0.58182,4.31488,12014.7605454545
D U D 9,Vergleichsgruppe,argumentativ,3,52,43,41,4.9615384615,0.82692,5.96303,11446.8032692308
D U D 9,Vergleichsgruppe,narrativ,2,45,34,34,5.4,0.75556,5.06842,10578.8584444444
D U D 9,Vergleichsgruppe,narrativ,3,51,45,44,5.4901960784,0.88235,6.30126,12314.8335294118
D V D 10,Vergleichsgruppe,argumentativ,1,24,20,20,4.875,0.83333,4.08248,9898.17375
D V D 10,Vergleichsgruppe,argumentativ,2,22,21,20,4.9090909091,0.95455,4.47722,10227.6113636364
D V D 10,Vergleichsgruppe,argumentativ,3,35,26,24,4.5714285714,0.74286,4.3948,12848.8905714286
D V D 10,Vergleichsgruppe,narrativ,1,12,10,10,4.8333333333,0.83333,2.88675,19420.5875
D V D 10,Vergleichsgruppe,narrativ,2,46,33,32,4.7608695652,0.71739,4.86558,13613.4315217391
D V D 10,Vergleichsgruppe,narrativ,3,31,31,28,4.3225806452,1,5.56776,13796.3264516129
D V D 11,Vergleichsgruppe,argumentativ,1,37,30,28,4.5405405405,0.81081,4.93197,10048.9281081081
D V D 11,Vergleichsgruppe,argumentativ,2,93,58,56,4.4946236559,0.62366,6.01432,11567.4886021505
D V D 11,Vergleichsgruppe,argumentativ,3,52,36,35,4.5961538462,0.69231,4.9923,12663.6582692308
D V D 11,Vergleichsgruppe,narrativ,1,34,28,28,4.6176470588,0.82353,4.80196,16615.2963636364
D V D 11,Vergleichsgruppe,narrativ,2,136,69,65,4.5955882353,0.50735,5.9167,11586.7298518519
D V D 11,Vergleichsgruppe,narrativ,3,45,34,34,4.9111111111,0.75556,5.06842,7181.5334090909
D V D 12,Vergleichsgruppe,argumentativ,1,49,33,31,4.1836734694,0.67347,4.71429,8054.0671428571
D V D 12,Vergleichsgruppe,argumentativ,2,59,36,33,4.1016949153,0.61017,4.6868,11895.3947457627
D V D 12,Vergleichsgruppe,argumentativ,3,57,42,39,4.6140350877,0.73684,5.56304,8701.6131578947
D V D 12,Vergleichsgruppe,narrativ,1,44,35,34,4.4772727273,0.79545,5.27645,14078.69
D V D 12,Vergleichsgruppe,narrativ,2,28,23,21,4.4285714286,0.82143,4.34659,15130.9160714286
D V D 12,Vergleichsgruppe,narrativ,3,38,30,28,4.8947368421,0.78947,4.86664,12650.3752631579
D V D 13,Vergleichsgruppe,argumentativ,1,32,26,26,4.28125,0.8125,4.59619,8654.4340625
D V D 13,Vergleichsgruppe,argumentativ,2,46,38,38,4.6956521739,0.82609,5.60279,10860.5869565217
D V D 13,Vergleichsgruppe,argumentativ,3,24,21,21,4.2916666667,0.875,4.28661,13672.12375
D V D 13,Vergleichsgruppe,narrativ,1,17,14,13,4.9411764706,0.82353,3.3955,17945.7235294118
D V D 13,Vergleichsgruppe,narrativ,2,24,23,23,5.0833333333,0.95833,4.69486,11246.7025
D V D 14,Vergleichsgruppe,argumentativ,1,23,19,18,4.1739130435,0.82609,3.96177,14021.8826086957
D V D 14,Vergleichsgruppe,argumentativ,2,35,25,22,3.9428571429,0.71429,4.22577,13819.594
D V D 14,Vergleichsgruppe,argumentativ,3,33,26,25,4.5757575758,0.78788,4.52602,11344.7433333333
D V D 14,Vergleichsgruppe,narrativ,1,18,16,16,4.5555555556,0.88889,3.77124,12556.4294444444
D V D 14,Vergleichsgruppe,narrativ,2,20,15,15,3.85,0.75,3.3541,13365.277
D V D 14,Vergleichsgruppe,narrativ,3,23,20,18,4.2608695652,0.86957,4.17029,15091.4360869565
D V D 15,Vergleichsgruppe,argumentativ,2,23,20,19,4.4782608696,0.86957,4.17029,17084.9643478261
D V D 15,Vergleichsgruppe,argumentativ,3,35,28,26,4.3142857143,0.8,4.73286,14184.46
D V D 15,Vergleichsgruppe,narrativ,1,13,13,11,4,1,3.60555,24136.41
D V D 15,Vergleichsgruppe,narrativ,2,32,23,22,4.71875,0.71875,4.06586,15622.5934375
D V D 15,Vergleichsgruppe,narrativ,3,22,16,16,4.9090909091,0.72727,3.41121,12558.6804545455
D V D 16,Vergleichsgruppe,argumentativ,1,23,20,19,4.4782608696,0.86957,4.17029,14004.6904347826
D V D 16,Vergleichsgruppe,argumentativ,2,27,20,20,4.7407407407,0.74074,3.849,14016.1759259259
D V D 16,Vergleichsgruppe,argumentativ,3,86,55,51,4.976744186,0.63953,5.9308,13115.7689534884
D V D 16,Vergleichsgruppe,narrativ,1,23,19,19,4.3913043478,0.82609,3.96177,17459.2809090909
D V D 16,Vergleichsgruppe,narrativ,2,55,33,33,4.9818181818,0.6,4.44972,10806.7694545455
D V D 16,Vergleichsgruppe,narrativ,3,125,57,53,4.52,0.456,5.09823,15121.2277419355
D V D 17,Vergleichsgruppe,argumentativ,1,29,25,24,4.3448275862,0.86207,4.64238,14570.1289655172
D V D 17,Vergleichsgruppe,argumentativ,2,30,24,24,4.3333333333,0.8,4.38178,13110.8543333333
D V D 17,Vergleichsgruppe,argumentativ,3,96,56,54,3.9895833333,0.58333,5.71548,14802.15125
D V D 17,Vergleichsgruppe,narrativ,1,23,18,17,4.6956521739,0.78261,3.75326,14509.7543478261
D V D 17,Vergleichsgruppe,narrativ,2,36,24,24,4.2777777778,0.66667,4,13484.0461111111
D V D 17,Vergleichsgruppe,narrativ,3,38,25,22,4.6315789474,0.65789,4.05554,17024.8721052632
D V D 18,Vergleichsgruppe,argumentativ,1,31,24,24,4.5161290323,0.77419,4.31053,15414.9980645161
D V D 18,Vergleichsgruppe,argumentativ,2,57,41,37,4.350877193,0.7193,5.43058,14319.9592982456
D V D 18,Vergleichsgruppe,argumentativ,3,55,38,37,4.4909090909,0.69091,5.12392,12940.6336363636
D V D 18,Vergleichsgruppe,narrativ,1,22,21,20,5.0909090909,0.95455,4.47722,15520.7409090909
D V D 18,Vergleichsgruppe,narrativ,2,78,52,49,4.7307692308,0.66667,5.88784,12946.6103896104
D V D 18,Vergleichsgruppe,narrativ,3,55,47,45,4.8545454545,0.85455,6.33748,10949.3955555556
D V D 19,Vergleichsgruppe,argumentativ,1,33,26,25,5.7575757576,0.78788,4.52602,13482.004516129
D V D 19,Vergleichsgruppe,argumentativ,2,64,48,46,4.484375,0.75,6,12503.80640625
D V D 19,Vergleichsgruppe,argumentativ,3,68,47,43,4.5294117647,0.69118,5.69959,13297.8023529412
D V D 19,Vergleichsgruppe,narrativ,1,25,18,18,4.56,0.72,3.6,12829.4088
D V D 19,Vergleichsgruppe,narrativ,2,46,36,33,4.7391304348,0.78261,5.30791,12346.4191304348
D V D 19,Vergleichsgruppe,narrativ,3,69,46,42,4.1449275362,0.66667,5.53775,11689.0827536232
D V D 1,Vergleichsgruppe,argumentativ,2,23,16,16,4.6086956522,0.69565,3.33623,12264.9456521739
D V D 1,Vergleichsgruppe,argumentativ,3,33,25,25,4.5151515152,0.75758,4.35194,10926.2148484848
D V D 1,Vergleichsgruppe,narrativ,2,15,8,8,5.4,0.53333,2.06559,10781.0426666667
D V D 1,Vergleichsgruppe,narrativ,3,27,24,22,4.1851851852,0.88889,4.6188,15755.3769230769
D V D 20,Vergleichsgruppe,argumentativ,1,51,32,31,4.2156862745,0.62745,4.4809,13450.3031372549
D V D 20,Vergleichsgruppe,argumentativ,2,45,29,27,4.6666666667,0.64444,4.32306,12037.3451111111
D V D 20,Vergleichsgruppe,argumentativ,3,94,58,54,4.0319148936,0.61702,5.98224,15218.2355319149
D V D 20,Vergleichsgruppe,narrativ,1,17,16,12,4.7058823529,0.94118,3.88057,22601.1894117647
D V D 20,Vergleichsgruppe,narrativ,2,19,17,17,5.2105263158,0.89474,3.90007,12793.9368421053
D V D 20,Vergleichsgruppe,narrativ,3,60,38,35,4.2666666667,0.63333,4.90578,12201.1091666667
D V D 21,Vergleichsgruppe,argumentativ,1,26,20,19,4.3076923077,0.76923,3.92232,11150.7273076923
D V D 21,Vergleichsgruppe,argumentativ,2,70,43,40,4.2714285714,0.61429,5.13948,10410.2035714286
D V D 21,Vergleichsgruppe,argumentativ,3,59,45,43,4.7118644068,0.76271,5.8585,11070.2215254237
D V D 21,Vergleichsgruppe,narrativ,1,14,11,11,4.7142857143,0.78571,2.93987,14115.2735714286
D V D 21,Vergleichsgruppe,narrativ,2,71,49,45,4.8732394366,0.69014,5.81523,13400.5390140845
D V D 21,Vergleichsgruppe,narrativ,3,31,26,26,5.6129032258,0.83871,4.66974,9236.545
D V D 22,Vergleichsgruppe,argumentativ,1,26,20,20,4.2307692308,0.76923,3.92232,15090.3365384615
D V D 22,Vergleichsgruppe,argumentativ,2,19,19,18,4.8421052632,1,4.3589,11415.1926315789
D V D 22,Vergleichsgruppe,argumentativ,3,29,25,24,4.3448275862,0.86207,4.64238,13362.4720689655
D V D 22,Vergleichsgruppe,narrativ,1,34,21,20,4.4705882353,0.61765,3.60147,11793.1679411765
D V D 22,Vergleichsgruppe,narrativ,2,73,44,40,4.6438356164,0.60274,5.14981,9683.8857534247
D V D 22,Vergleichsgruppe,narrativ,3,45,34,32,4.7111111111,0.75556,5.06842,15607.4646666667
D V D 23,Vergleichsgruppe,argumentativ,1,28,21,20,4.3214285714,0.75,3.96863,17066.5210714286
D V D 23,Vergleichsgruppe,argumentativ,2,48,35,33,4.6875,0.72917,5.05181,14682.9052083333
D V D 23,Vergleichsgruppe,argumentativ,3,61,48,46,4.2786885246,0.78689,6.14577,13900.3172131148
D V D 23,Vergleichsgruppe,narrativ,2,44,34,32,4.3636363636,0.77273,5.12569,17203.2359090909
D V D 23,Vergleichsgruppe,narrativ,3,53,46,43,4.9811320755,0.86792,6.31859,12868.3820754717
D V D 24,Vergleichsgruppe,argumentativ,1,58,38,35,4.275862069,0.65517,4.98964,16284.0038596491
D V D 24,Vergleichsgruppe,argumentativ,2,55,39,37,4.5090909091,0.70909,5.25876,11259.2736363636
D V D 24,Vergleichsgruppe,argumentativ,3,52,40,37,4.3846153846,0.76923,5.547,14329.6403846154
D V D 24,Vergleichsgruppe,narrativ,1,30,27,26,4.9,0.9,4.9295,15345.1836666667
D V D 24,Vergleichsgruppe,narrativ,2,90,58,55,4.7666666667,0.64444,6.11374,12622.9688888889
D V D 24,Vergleichsgruppe,narrativ,3,56,41,39,5.1964285714,0.73214,5.47886,11177.5773214286
D V D 25,Vergleichsgruppe,argumentativ,1,51,38,37,4.4705882353,0.7451,5.32106,13389.5070588235
D V D 25,Vergleichsgruppe,argumentativ,2,63,42,41,4.253968254,0.66667,5.2915,13975.5011111111
D V D 25,Vergleichsgruppe,narrativ,1,26,20,18,3.8076923077,0.76923,3.92232,11579.6742307692
D V D 25,Vergleichsgruppe,narrativ,2,81,52,50,4.7037037037,0.64198,5.77778,12000.184691358
D V D 26,Vergleichsgruppe,argumentativ,1,25,22,22,4.16,0.88,4.4,14318.6296
D V D 26,Vergleichsgruppe,argumentativ,2,26,21,21,4.7307692308,0.80769,4.11844,7909.1673076923
D V D 26,Vergleichsgruppe,argumentativ,3,48,35,32,4.2083333333,0.72917,5.05181,12103.6677083333
D V D 26,Vergleichsgruppe,narrativ,1,13,11,11,4.6923076923,0.84615,3.05085,12728.6638461538
D V D 26,Vergleichsgruppe,narrativ,2,32,25,25,4.75,0.78125,4.41942,14602.416875
D V D 26,Vergleichsgruppe,narrativ,3,44,31,29,4.6136363636,0.70455,4.67343,16288.9086046512
D V D 27,Vergleichsgruppe,argumentativ,1,30,22,21,4.1,0.73333,4.01663,18130.4006666667
D V D 27,Vergleichsgruppe,argumentativ,2,42,29,28,4.6428571429,0.69048,4.4748,13333.2630952381
D V D 27,Vergleichsgruppe,argumentativ,3,36,23,22,4.4722222222,0.63889,3.83333,14967.6283333333
D V D 27,Vergleichsgruppe,narrativ,1,13,10,9,4.2307692308,0.76923,2.7735,24986.1169230769
D V D 27,Vergleichsgruppe,narrativ,2,42,29,27,4.5,0.69048,4.4748,17089.5711904762
D V D 27,Vergleichsgruppe,narrativ,3,60,36,33,4.4166666667,0.6,4.64758,12079.4698305085
D V D 28,Vergleichsgruppe,argumentativ,1,25,18,17,4.76,0.72,3.6,16269.8896
D V D 28,Vergleichsgruppe,argumentativ,3,50,41,36,4.58,0.82,5.79828,14288.6048
D V D 28,Vergleichsgruppe,narrativ,3,56,45,41,4.5357142857,0.80357,6.01338,15035.5055357143
D V D 29,Vergleichsgruppe,argumentativ,1,13,13,12,4.6923076923,1,3.60555,15092.4030769231
D V D 29,Vergleichsgruppe,argumentativ,2,32,31,30,4.40625,0.96875,5.48008,12148.316875
D V D 29,Vergleichsgruppe,argumentativ,3,26,18,17,3.6923076923,0.69231,3.53009,17510.51
D V D 29,Vergleichsgruppe,narrativ,2,15,13,13,4.5333333333,0.86667,3.35659,14397.2
D V D 29,Vergleichsgruppe,narrativ,3,21,20,19,4.0952380952,0.95238,4.36436,15512.6376190476
D V D 2,Vergleichsgruppe,argumentativ,2,97,49,47,4.5154639175,0.50515,4.9752,15240.6629896907
D V D 2,Vergleichsgruppe,argumentativ,3,71,45,41,4.323943662,0.6338,5.34052,16535.7552112676
D V D 2,Vergleichsgruppe,narrativ,1,33,22,21,3.9090909091,0.66667,3.82971,13625.4606060606
D V D 2,Vergleichsgruppe,narrativ,2,43,22,21,5.0697674419,0.51163,3.35497,14434.8148837209
D V D 30,Vergleichsgruppe,argumentativ,1,38,30,29,4.2894736842,0.78947,4.86664,10988.2873684211
D V D 30,Vergleichsgruppe,argumentativ,2,28,24,22,4.3571428571,0.85714,4.53557,10736.4896428571
D V D 30,Vergleichsgruppe,argumentativ,3,62,38,34,3.9516129032,0.6129,4.826,14196.6935483871
D V D 30,Vergleichsgruppe,narrativ,1,31,23,22,4.9032258065,0.74194,4.13092,16000.6389655172
D V D 30,Vergleichsgruppe,narrativ,2,59,34,31,4.8474576271,0.57627,4.42642,15023.5962711864
D V D 30,Vergleichsgruppe,narrativ,3,39,30,29,4.6153846154,0.76923,4.80384,12874.6642105263
D V D 31,Vergleichsgruppe,argumentativ,1,26,19,17,4.2692307692,0.73077,3.72621,18951.4588461538
D V D 31,Vergleichsgruppe,argumentativ,2,35,23,23,4.3714285714,0.65714,3.88771,11594.9565714286
D V D 31,Vergleichsgruppe,argumentativ,3,66,39,35,4.1666666667,0.59091,4.80057,16868.498030303
D V D 31,Vergleichsgruppe,narrativ,2,39,22,22,4.4358974359,0.5641,3.52282,16398.7953846154
D V D 31,Vergleichsgruppe,narrativ,3,52,35,33,4.3076923077,0.67308,4.85363,16753.3294
D V D 3,Vergleichsgruppe,argumentativ,1,26,21,20,4.1153846154,0.80769,4.11844,15637.6769230769
D V D 3,Vergleichsgruppe,argumentativ,2,28,22,22,4.2857142857,0.78571,4.15761,10192.9075
D V D 3,Vergleichsgruppe,argumentativ,3,53,36,34,4.3396226415,0.67925,4.94498,11461.2713207547
D V D 3,Vergleichsgruppe,narrativ,1,31,24,22,4.2580645161,0.77419,4.31053,18007.4835483871
D V D 3,Vergleichsgruppe,narrativ,2,44,28,26,4.5227272727,0.63636,4.22116,18650.1186363636
D V D 3,Vergleichsgruppe,narrativ,3,42,32,30,4.4285714286,0.7619,4.93771,11817.5035714286
D V D 4,Vergleichsgruppe,argumentativ,1,39,24,24,4.0769230769,0.61538,3.84308,9016.0112820513
D V D 4,Vergleichsgruppe,argumentativ,2,37,30,28,4.0810810811,0.81081,4.93197,12180.6364864865
D V D 4,Vergleichsgruppe,argumentativ,3,45,30,30,4.3111111111,0.66667,4.47214,9644.026
D V D 4,Vergleichsgruppe,narrativ,3,25,22,20,4.16,0.88,4.4,16752.5726086957
D V D 5,Vergleichsgruppe,argumentativ,1,23,18,18,3.8695652174,0.78261,3.75326,12235.312173913
D V D 5,Vergleichsgruppe,argumentativ,2,34,25,25,4.4411764706,0.73529,4.28746,7859.7338235294
D V D 5,Vergleichsgruppe,argumentativ,3,44,31,29,4.1136363636,0.70455,4.67343,9438.7486363636
D V D 5,Vergleichsgruppe,narrativ,1,13,13,13,4.8461538462,1,3.60555,15104.7176923077
D V D 5,Vergleichsgruppe,narrativ,2,42,33,33,4.4523809524,0.78571,5.09201,9029.9880952381
D V D 5,Vergleichsgruppe,narrativ,3,37,31,30,4.9189189189,0.83784,5.09637,9655.1181081081
D V D 6,Vergleichsgruppe,argumentativ,1,35,31,31,4.6,0.88571,5.23996,12024.1448571429
D V D 6,Vergleichsgruppe,argumentativ,2,54,41,38,4.2407407407,0.75926,5.57939,14089.4105555556
D V D 6,Vergleichsgruppe,argumentativ,3,70,48,45,4.3428571429,0.68571,5.7371,14856.082
D V D 6,Vergleichsgruppe,narrativ,2,47,28,25,4.3191489362,0.59574,4.08422,12389.8585106383
D V D 6,Vergleichsgruppe,narrativ,3,33,20,19,4.3636363636,0.60606,3.48155,10749.5866666667
D V D 7,Vergleichsgruppe,argumentativ,1,23,19,19,4.9130434783,0.82609,3.96177,8688.7030434783
D V D 7,Vergleichsgruppe,argumentativ,2,22,19,18,4.5454545455,0.86364,4.05081,9846.4168181818
D V D 7,Vergleichsgruppe,argumentativ,3,50,26,24,4.28,0.52,3.67696,14356.419
D V D 7,Vergleichsgruppe,narrativ,1,25,20,19,4.92,0.8,4,14167.1308
D V D 7,Vergleichsgruppe,narrativ,2,61,46,43,4.4098360656,0.7541,5.8897,11695.1086885246
D V D 7,Vergleichsgruppe,narrativ,3,37,33,30,4.4864864865,0.89189,5.42517,13149.6194594595
D V D 8,Vergleichsgruppe,argumentativ,1,17,16,16,4.7058823529,0.94118,3.88057,12907.2464705882
D V D 8,Vergleichsgruppe,argumentativ,2,85,50,47,4.3058823529,0.58824,5.42326,12494.5611764706
D V D 8,Vergleichsgruppe,argumentativ,3,63,47,46,4.2222222222,0.74603,5.92144,12955.0919047619
D V D 8,Vergleichsgruppe,narrativ,1,16,13,13,4.875,0.8125,3.25,8807.4013333333
D V D 8,Vergleichsgruppe,narrativ,2,44,29,29,4.8409090909,0.65909,4.37191,14733.3452272727
D V D 8,Vergleichsgruppe,narrativ,3,24,20,18,4.5833333333,0.83333,4.08248,17700.7782608696
D V D 9,Vergleichsgruppe,argumentativ,1,34,27,26,4.7058823529,0.79412,4.63046,7914.8835294118
D V D 9,Vergleichsgruppe,argumentativ,2,73,48,47,4.3287671233,0.65753,5.61798,14644.3739726027
D V D 9,Vergleichsgruppe,argumentativ,3,56,45,40,4.5357142857,0.80357,6.01338,12890.1323214286
D V D 9,Vergleichsgruppe,narrativ,1,33,24,24,4.5757575758,0.72727,4.17786,15359.9175
D V D 9,Vergleichsgruppe,narrativ,2,45,37,36,4.6222222222,0.82222,5.51563,11149.4242222222
D V D 9,Vergleichsgruppe,narrativ,3,42,36,34,4.2380952381,0.85714,5.55492,10220.6128571429
D X D 1,Hks. Portugiesisch,argumentativ,1,14,11,11,4.5714285714,0.78571,2.93987,10830.8742857143
D X D 1,Hks. Portugiesisch,argumentativ,2,47,32,31,4.0425531915,0.68085,4.66768,11437.6874468085
D X D 1,Hks. Portugiesisch,argumentativ,3,25,19,19,4.8,0.76,3.8,11079.1766666667
D X D 1,Hks. Portugiesisch,narrativ,1,46,28,26,3.9347826087,0.6087,4.12837,8832.2019565217
D X D 1,Hks. Portugiesisch,narrativ,2,35,29,29,4.9428571429,0.82857,4.90189,9181.4442857143
D X D 1,Hks. Portugiesisch,narrativ,3,48,36,35,4.375,0.75,5.19615,15892.5739583333
D X D 2,Hks. Portugiesisch,argumentativ,1,23,19,19,4.5652173913,0.82609,3.96177,12198.6604347826
D X D 2,Hks. Portugiesisch,argumentativ,2,41,23,22,4.6829268293,0.56098,3.592,10349.1595121951
D X D 2,Hks. Portugiesisch,argumentativ,3,44,30,28,4.3863636364,0.68182,4.52267,10105.98
D X D 2,Hks. Portugiesisch,narrativ,1,60,39,38,4.55,0.65,5.03488,16785.0168333333
D X D 2,Hks. Portugiesisch,narrativ,2,28,23,22,4.5714285714,0.82143,4.34659,17334.7260714286
D X D 2,Hks. Portugiesisch,narrativ,3,49,40,40,5.2448979592,0.81633,5.71429,10241.4926530612
D X D 3,Hks. Portugiesisch,argumentativ,1,26,19,19,4.6923076923,0.73077,3.72621,13923.6892307692
D X D 3,Hks. Portugiesisch,argumentativ,2,50,36,36,4.66,0.72,5.09117,12047.7142
D X D 3,Hks. Portugiesisch,argumentativ,3,30,26,26,4.8666666667,0.86667,4.74693,13169.007
D X D 3,Hks. Portugiesisch,narrativ,1,45,34,32,4.8222222222,0.75556,5.06842,16100.4215555556
D X D 3,Hks. Portugiesisch,narrativ,2,44,36,36,4.75,0.81818,5.4272,9274.3527272727
D X D 3,Hks. Portugiesisch,narrativ,3,42,34,32,4.880952381,0.80952,5.24631,13826.7475609756
D X D 4,Hks. Portugiesisch,argumentativ,1,46,34,32,4.347826087,0.73913,5.01303,12263.648
D X D 4,Hks. Portugiesisch,argumentativ,2,20,18,17,3.8,0.9,4.02492,20762.6005
D X D 4,Hks. Portugiesisch,argumentativ,3,37,24,24,4.1891891892,0.64865,3.94558,14851.337027027
D X D 4,Hks. Portugiesisch,narrativ,1,22,20,19,4.5,0.90909,4.26401,17405.6440909091
D X D 4,Hks. Portugiesisch,narrativ,2,29,21,21,5.1379310345,0.72414,3.8996,12031.9396551724
D X D 4,Hks. Portugiesisch,narrativ,3,39,32,31,4.6153846154,0.82051,5.1241,11104.2143589744
